holder,collateral,borrow_venue,borrow_location,borrow_asset,ltv_used,lend_venue,lend_location,lend_asset,net_apy,risk_adj_apy,profit_usd,avg_collateral_yield,avg_borrow,avg_lend,pct_days_positive_spread,worst_30d_apy,min_hf,rebalances,liquidations,costs_usd
USD,,,,,0,Stake USDC -> SYRUPUSDC (maple),Ethereum,USDC,5.214,4.914,536.11,0.0,0.0,5.251,100.0,4.323,,0,0,3.0
USD,,,,,0,Stake USDT -> SYRUPUSDT (maple),Ethereum,USDT,4.655,4.255,477.38,0.0,0.0,4.751,100.0,3.753,,0,0,9.15
USD,,,,,0,Bitfinex funding,Bitfinex,USDT,4.918,4.168,504.3,0.0,0.0,4.979,100.0,2.607,,0,0,6.15
USD,,,,,0,Bitfinex funding,Bitfinex,USD,4.78,4.03,490.26,0.0,0.0,4.982,100.0,3.514,,0,0,20.51
USD,,,,,0,morpho-blue GTUSDCP vault,Base,USDC,4.737,3.937,485.97,0.0,0.0,4.747,100.0,3.704,,0,0,0.1
USD,,,,,0,morpho-blue SPARKUSDC vault,Base,USDC,4.503,3.703,461.67,0.0,0.0,4.515,100.0,3.697,,0,0,0.1
USD,,,,,0,Kamino (Solana),Solana,USDC,3.938,3.638,401.01,0.0,0.0,3.932,100.0,1.551,,0,0,0.02
USD,,,,,0,fluid-lending USDC vault,Ethereum,USDC,4.605,3.605,471.0,0.0,0.0,4.631,100.0,2.928,,0,0,3.0
USD,,,,,0,Stake USDE -> SUSDE (ethena-usde),Ethereum,USDE,4.148,3.548,423.79,0.0,0.0,4.238,100.0,3.488,,0,0,9.13
USD,,,,,0,Stake USDS -> SUSDS (sky-lending),Ethereum,USDS,3.783,3.543,386.06,0.0,0.0,3.876,100.0,3.52,,0,0,9.12
USD,,,,,0,fluid-lending USDT vault,Ethereum,USDT,4.247,3.247,433.8,0.0,0.0,4.334,100.0,2.874,,0,0,9.13
USD,,,,,0,morpho-blue STEAKUSDC vault,Base,USDC,4.245,3.245,434.93,0.0,0.0,4.259,100.0,3.177,,0,0,0.1
USD,,,,,0,Lend USDC on aave-v3,Ethereum,USDC,3.406,3.206,346.5,0.0,0.0,3.435,100.0,1.938,,0,0,3.0
USD,,,,,0,Lend USDT on aave-v3,Ethereum,USDT,3.042,2.842,309.02,0.0,0.0,3.132,100.0,1.842,,0,0,9.1
USD,,,,,0,Kamino (Solana),Solana,USDT,2.794,2.494,282.96,0.0,0.0,2.85,100.0,0.684,,0,0,6.11
USD,,,,,0,Lend USDS on sparklend,Ethereum,USDS,2.607,2.407,264.58,0.0,0.0,2.7,100.0,2.031,,0,0,9.08
USD,,,,,0,Lend USDE on aave-v3,Ethereum,USDE,2.258,2.058,228.43,0.0,0.0,2.347,100.0,0.883,,0,0,9.07
USD,,,,,0,OKX Simple Earn,OKX,USDC,2.064,1.564,208.48,0.0,0.0,2.063,100.0,0.811,,0,0,0.0
USD,,,,,0,Gate Uni lending,Gate,USDC,2.395,1.395,242.3,0.0,0.0,2.395,100.0,0.776,,0,0,0.0
USD,,,,,0,OKX Simple Earn,OKX,USDT,1.811,1.311,182.67,0.0,0.0,1.87,100.0,1.113,,0,0,6.06
USD,,,,,0,Stake DAI -> SDAI (sky-lending),Ethereum,DAI,1.173,0.773,118.06,0.0,0.0,1.263,100.0,1.25,,0,0,9.04
USD,,,,,0,Gate Uni lending,Gate,USDT,1.511,0.511,152.23,0.0,0.0,1.57,100.0,0.74,,0,0,6.05
USD,USDC,Aave v3 Ethereum,Ethereum,USDT,0.6,Stake USDC -> SYRUPUSDC (maple),Ethereum,USDC,3.997,3.736,408.13,3.581,4.357,5.251,94.5,2.711,1.29,0,0,12.7
USD,USDC,Aave v3 Ethereum,Ethereum,USDC,0.6,Stake USDC -> SYRUPUSDC (maple),Ethereum,USDC,3.842,3.582,392.05,3.581,4.672,5.251,90.7,2.676,1.286,0,0,9.0
USD,USDC,Kamino (Solana),Solana,USDT,0.64,Stake USDC -> SYRUPUSDC (maple),Ethereum,USDC,3.865,3.565,394.15,3.932,5.139,5.251,48.5,2.057,1.389,0,0,14.44
USD,USDC,Aave v3 Ethereum,Ethereum,USDT,0.6,Stake USDT -> SYRUPUSDT (maple),Ethereum,USDT,3.73,3.409,380.28,3.581,4.357,4.751,86.8,2.509,1.29,0,0,9.0
USD,USDC,Aave v3 Ethereum,Ethereum,USDT,0.6,Bitfinex funding,Bitfinex,USDT,3.876,3.344,395.13,3.581,4.357,4.979,61.1,1.61,1.29,0,0,8.5
USD,USDT,Aave v3 Ethereum,Ethereum,USDT,0.6,Stake USDC -> SYRUPUSDC (maple),Ethereum,USDC,3.531,3.271,359.98,3.174,4.357,5.251,94.5,2.616,1.285,0,0,18.79
USD,USDC,Aave v3 Base,Base,USDC,0.6,Stake USDC -> SYRUPUSDC (maple),Ethereum,USDC,3.598,3.258,366.67,3.547,4.996,5.251,73.2,2.9,1.281,0,0,10.45
USD,USDC,Kamino (Solana),Solana,USDT,0.64,Bitfinex funding,Bitfinex,USDT,3.823,3.233,389.19,3.932,5.139,4.979,43.6,1.416,1.389,0,0,1.05
USD,USDC,Aave v3 Ethereum,Ethereum,USDT,0.6,Bitfinex funding,Bitfinex,USD,3.757,3.225,383.01,3.581,4.357,4.982,67.4,2.535,1.29,0,0,20.81
USD,USDC,Kamino (Solana),Solana,USDT,0.64,Stake USDT -> SYRUPUSDT (maple),Ethereum,USDT,3.58,3.216,364.45,3.932,5.139,4.751,36.4,1.682,1.389,0,0,10.48
USD,USDC,Aave v3 Ethereum,Ethereum,WETH,0.375,Stake WETH -> WBETH (binance-staked-eth),Ethereum,WETH,3.389,3.204,345.07,3.581,2.365,2.509,87.4,1.942,1.615,5,0,24.0
USD,USDC,Aave v3 Ethereum,Ethereum,WETH,0.375,Stake WETH -> WEETH (ether.fi-stake),Ethereum,WETH,3.37,3.184,343.07,3.581,2.365,2.454,76.4,1.881,1.615,5,0,24.0
USD,USDC,Aave v3 Ethereum,Ethereum,USDC,0.6,Stake USDT -> SYRUPUSDT (maple),Ethereum,USDT,3.502,3.182,356.82,3.581,4.672,4.751,62.2,2.474,1.286,0,0,12.69
USD,USDC,Aave v3 Ethereum,Ethereum,WETH,0.375,Stake WETH -> WSTETH (lido),Ethereum,WETH,3.365,3.18,342.62,3.581,2.365,2.444,75.9,1.877,1.615,5,0,24.0
USD,USDC,Aave v3 Ethereum,Ethereum,WETH,0.375,Stake WETH -> CBETH (coinbase-wrapped-staked-eth),Ethereum,WETH,3.402,3.158,346.4,3.581,2.365,2.546,86.8,1.968,1.615,5,0,24.0
USD,USDC,Aave v3 Ethereum,Ethereum,WETH,0.375,Stake WETH -> LSETH (liquid-collective),Ethereum,WETH,3.394,3.15,345.59,3.581,2.365,2.531,74.8,1.993,1.615,5,0,24.0
USD,USDC,Kamino (Solana),Solana,SOL,0.32,Kamino (Solana),Solana,JITOSOL,3.495,3.12,355.45,3.932,6.854,5.623,31.0,1.368,1.673,7,0,3.47
USD,USDC,Aave v3 Ethereum,Ethereum,USDC,0.6,Bitfinex funding,Bitfinex,USDT,3.649,3.116,371.67,3.581,4.672,4.979,54.5,1.576,1.286,0,0,12.19
USD,USDT,Aave v3 Ethereum,Ethereum,USDC,0.6,Stake USDC -> SYRUPUSDC (maple),Ethereum,USDC,3.376,3.115,343.9,3.174,4.672,5.251,90.7,2.484,1.281,0,0,15.1
USD,USDC,Kamino (Solana),Solana,USDT,0.64,Bitfinex funding,Bitfinex,USD,3.696,3.106,376.27,3.932,5.139,4.982,46.0,1.786,1.389,0,0,14.18
USD,USDC,Aave v3 Ethereum,Ethereum,WETH,0.375,Stake WETH -> ETHX (stader),Ethereum,WETH,3.373,3.1,343.4,3.581,2.365,2.456,73.7,1.921,1.615,5,0,24.0
USD,USDC,Aave v3 Ethereum,Ethereum,WETH,0.375,Stake WETH -> OSETH (stakewise-v3),Ethereum,WETH,3.342,3.098,340.15,3.581,2.365,2.378,73.2,1.918,1.615,5,0,24.0
USD,USDC,Aave v3 Ethereum,Ethereum,WETH,0.375,Stake WETH -> RSETH (kelp),Ethereum,WETH,3.383,3.092,344.44,3.581,2.365,2.5,81.6,1.951,1.615,5,0,24.0
USD,USDC,Aave v3 Ethereum,Ethereum,USDT,0.6,morpho-blue GTUSDCP vault,Base,USDC,3.648,3.086,371.98,3.581,4.357,4.747,77.5,2.309,1.29,0,0,17.02
USD,USDC,Aave v3 Ethereum,Ethereum,WETH,0.375,Stake WETH -> RETH (rocket-pool),Ethereum,WETH,3.29,3.076,334.84,3.581,2.365,2.235,51.2,1.836,1.615,5,0,24.0
USD,USDC,Aave v3 Arbitrum,Arbitrum,USDC,0.6,Stake USDC -> SYRUPUSDC (maple),Ethereum,USDC,3.387,3.048,344.94,2.765,4.058,5.251,95.9,2.432,1.283,0,0,10.45
USD,USDC,Aave v3 Ethereum,Ethereum,CBBTC,0.375,Lend CBBTC on sparklend,Ethereum,CBBTC,3.243,3.043,329.94,3.581,0.288,0.01,0.0,1.865,1.644,5,0,24.0
USD,USDC,Aave v3 Ethereum,Ethereum,USDC,0.6,Bitfinex funding,Bitfinex,USD,3.566,3.033,363.24,3.581,4.672,4.982,57.8,2.487,1.286,0,0,20.81
USD,USDC,Aave v3 Base,Base,WETH,0.375,Stake WETH -> WBETH (binance-staked-eth),Ethereum,WETH,3.341,3.029,340.48,3.547,2.334,2.509,80.0,2.65,1.614,5,0,26.47
USD,USDC,Aave v3 Base,Base,WETH,0.375,Stake WETH -> WEETH (ether.fi-stake),Ethereum,WETH,3.322,3.009,338.48,3.547,2.334,2.454,65.5,2.559,1.614,5,0,26.47
USD,USDC,Aave v3 Base,Base,WETH,0.375,Stake WETH -> WSTETH (lido),Ethereum,WETH,3.318,3.005,338.03,3.547,2.334,2.444,62.5,2.628,1.614,5,0,26.47
USD,USDC,Aave v3 Ethereum,Ethereum,WETH,0.375,Stake WETH -> METH (meth-protocol),Ethereum,WETH,3.231,2.987,328.74,3.581,2.365,2.073,35.6,1.833,1.615,5,0,24.0
USD,USDC,Aave v3 Base,Base,WETH,0.375,Stake WETH -> CBETH (coinbase-wrapped-staked-eth),Ethereum,WETH,3.354,2.983,341.81,3.547,2.334,2.546,81.4,2.615,1.614,5,0,26.47
USD,USDC,Aave v3 Base,Base,WETH,0.375,Stake WETH -> LSETH (liquid-collective),Ethereum,WETH,3.346,2.975,341.0,3.547,2.334,2.531,64.1,2.612,1.614,5,0,26.47
USD,USDC,Aave v3 Ethereum,Ethereum,CBBTC,0.375,Lend WBTC on aave-v3,Ethereum,WBTC,3.164,2.964,321.93,3.581,0.288,0.006,0.0,1.853,1.644,5,0,31.87
USD,USDC,Aave v3 Ethereum,Ethereum,CBBTC,0.375,Lend TBTC on aave-v3,Ethereum,TBTC,3.163,2.963,321.85,3.581,0.288,0.004,0.0,1.854,1.644,5,0,31.87
USD,USDC,Kamino (Solana),Solana,USDT,0.64,morpho-blue GTUSDCP vault,Base,USDC,3.581,2.958,364.57,3.932,5.139,4.747,39.2,1.788,1.389,0,0,10.07
USD,USDC,Aave v3 Ethereum,Ethereum,USDT,0.6,Stake USDE -> SUSDE (ethena-usde),Ethereum,USDE,3.386,2.945,344.43,3.581,4.357,4.238,68.2,2.14,1.29,0,0,12.68
USD,USDC,Aave v3 Ethereum,Ethereum,WBTC,0.375,Lend CBBTC on sparklend,Ethereum,CBBTC,3.145,2.945,319.96,3.581,0.343,0.01,0.0,1.859,1.643,5,0,31.87
USD,USDC,Aave v3 Ethereum,Ethereum,USDT,0.6,morpho-blue SPARKUSDC vault,Base,USDC,3.507,2.944,357.4,3.581,4.357,4.515,67.9,2.304,1.29,0,0,17.02
USD,USDC,Aave v3 Ethereum,Ethereum,USDT,0.6,fluid-lending USDC vault,Ethereum,USDC,3.626,2.944,369.08,3.581,4.357,4.631,53.4,1.817,1.29,0,0,12.69
USD,USDC,Aave v3 Ethereum,Ethereum,WBTC,0.375,Lend TBTC on aave-v3,Ethereum,TBTC,3.143,2.943,319.75,3.581,0.343,0.004,0.0,1.848,1.643,5,0,31.87
USD,USDC,Aave v3 Ethereum,Ethereum,WBTC,0.375,Lend CBBTC on aave-v3,Ethereum,CBBTC,3.142,2.942,319.69,3.581,0.343,0.002,0.0,1.847,1.643,5,0,31.87
USD,USDT,Aave v3 Ethereum,Ethereum,USDT,0.6,Stake USDT -> SYRUPUSDT (maple),Ethereum,USDT,3.263,2.942,332.13,3.174,4.357,4.751,86.8,2.389,1.285,0,0,15.1
USD,USDC,Aave v3 Ethereum,Ethereum,USDT,0.6,Stake USDS -> SUSDS (sky-lending),Ethereum,USDS,3.166,2.942,321.79,3.581,4.357,3.876,37.0,2.347,1.29,0,0,12.67
USD,USDC,Aave v3 Ethereum,Ethereum,USDC,0.6,morpho-blue GTUSDCP vault,Base,USDC,3.493,2.93,355.89,3.581,4.672,4.747,61.4,2.272,1.286,0,0,13.34
USD,USDC,Aave v3 Base,Base,WETH,0.375,Stake WETH -> ETHX (stader),Ethereum,WETH,3.325,2.925,338.81,3.547,2.334,2.456,63.8,2.624,1.614,5,0,26.47
USD,USDC,Aave v3 Base,Base,WETH,0.375,Stake WETH -> OSETH (stakewise-v3),Ethereum,WETH,3.294,2.923,335.56,3.547,2.334,2.378,62.2,2.533,1.614,5,0,26.47
USD,USDC,Aave v3 Base,Base,WETH,0.375,Stake WETH -> RSETH (kelp),Ethereum,WETH,3.335,2.917,339.85,3.547,2.334,2.5,76.4,2.712,1.614,5,0,26.47
USD,USDC,Aave v3 Ethereum,Ethereum,USDT,0.6,Kamino (Solana),Solana,USDC,3.163,2.903,321.1,3.581,4.357,3.932,37.0,0.972,1.29,0,0,16.87
USD,USDC,Aave v3 Base,Base,WETH,0.375,Stake WETH -> RETH (rocket-pool),Ethereum,WETH,3.242,2.901,330.24,3.547,2.334,2.235,38.1,2.458,1.614,5,0,26.46
USD,USDC,Aave v3 Ethereum,Ethereum,CBBTC,0.375,Lend CBBTC on aave-v3,Base,CBBTC,3.174,2.9,323.0,3.581,0.288,0.033,0.0,1.807,1.644,5,0,31.82
USD,USDC,Aave v3 Ethereum,Ethereum,WBTC,0.375,Lend WBTC on aave-v3,Arbitrum,WBTC,3.155,2.881,321.06,3.581,0.343,0.037,0.0,1.801,1.643,5,0,31.82
USD,USDC,Aave v3 Base,Base,USDC,0.6,Bitfinex funding,Bitfinex,USDT,3.489,2.877,354.98,3.547,4.996,4.979,46.3,1.896,1.281,0,0,4.94
USD,USDT,Aave v3 Ethereum,Ethereum,USDT,0.6,Bitfinex funding,Bitfinex,USDT,3.409,2.877,346.98,3.174,4.357,4.979,61.1,1.544,1.285,0,0,14.6
USD,USDC,Aave v3 Base,Base,USDC,0.6,Stake USDT -> SYRUPUSDT (maple),Ethereum,USDT,3.257,2.857,331.45,3.547,4.996,4.751,32.3,2.563,1.281,0,0,14.13
USD,USDC,Aave v3 Ethereum,Ethereum,WETH,0.375,Lend WETH on sparklend,Ethereum,WETH,3.054,2.854,310.48,3.581,2.365,1.568,0.5,1.658,1.615,5,0,24.0
USD,USDC,Kamino (Solana),Solana,SOL,0.32,OKX Simple Earn,OKX,SOL,3.21,2.848,326.27,3.932,6.854,4.716,13.7,1.123,1.673,7,0,0.47
USD,USDC,Aave v3 Ethereum,Ethereum,CBBTC,0.375,Lend WBTC on aave-v3,Arbitrum,WBTC,3.099,2.824,315.29,3.581,0.288,0.037,0.0,1.807,1.644,5,0,39.7
USD,USDC,Kamino (Solana),Solana,USDT,0.64,Kamino (Solana),Solana,USDC,3.121,2.821,316.24,3.932,5.139,3.932,14.2,0.671,1.389,0,0,3.98
USD,USDC,Aave v3 Base,Base,WETH,0.375,Stake WETH -> METH (meth-protocol),Ethereum,WETH,3.183,2.812,324.14,3.547,2.334,2.073,32.6,2.467,1.614,5,0,26.46
USD,USDC,Kamino (Solana),Solana,USDT,0.64,morpho-blue SPARKUSDC vault,Base,USDC,3.43,2.807,349.03,3.932,5.139,4.515,36.4,1.812,1.389,0,0,10.06
USD,USDC,Aave v3 Ethereum,Ethereum,WBTC,0.375,Lend CBBTC on aave-v3,Base,CBBTC,3.077,2.802,313.03,3.581,0.343,0.033,0.0,1.801,1.643,5,0,39.69
USD,USDC,Aave v3 Ethereum,Ethereum,USDT,0.6,fluid-lending USDT vault,Ethereum,USDT,3.482,2.8,354.12,3.581,4.357,4.334,49.3,1.819,1.29,0,0,9.0
USD,USDC,Aave v3 Base,Base,USDC,0.6,Bitfinex funding,Bitfinex,USD,3.406,2.794,346.56,3.547,4.996,4.982,46.0,2.608,1.281,0,0,13.56
USD,USDC,Aave v3 Ethereum,Ethereum,USDC,0.6,morpho-blue SPARKUSDC vault,Base,USDC,3.351,2.789,341.31,3.581,4.672,4.515,47.7,2.269,1.286,0,0,13.33
USD,USDC,Aave v3 Ethereum,Ethereum,USDC,0.6,fluid-lending USDC vault,Ethereum,USDC,3.471,2.788,352.99,3.581,4.672,4.631,39.7,1.73,1.286,0,0,9.0
USD,USDC,Aave v3 Base,Base,WETH,0.375,Gate Uni lending,Gate,WETH,3.377,2.759,343.84,3.547,2.334,2.02,15.3,2.524,1.614,5,0,5.15
USD,USDT,Aave v3 Ethereum,Ethereum,USDT,0.6,Bitfinex funding,Bitfinex,USD,3.29,2.757,334.86,3.174,4.357,4.982,67.4,2.414,1.285,0,0,26.9
USD,USDC,Aave v3 Ethereum,Ethereum,USDC,0.6,Stake USDE -> SUSDE (ethena-usde),Ethereum,USDE,3.194,2.753,324.66,3.581,4.672,4.238,36.2,2.087,1.286,0,0,12.68
USD,USDC,Aave v3 Ethereum,Ethereum,USDC,0.6,Stake USDS -> SUSDS (sky-lending),Ethereum,USDS,2.974,2.749,302.02,3.581,4.672,3.876,19.5,2.31,1.286,0,0,12.67
USD,USDC,Aave v3 Base,Base,USDC,0.6,morpho-blue GTUSDCP vault,Base,USDC,3.39,2.748,345.0,3.547,4.996,4.747,32.1,2.49,1.281,0,0,0.3
USD,USDC,Aave v3 Ethereum,Ethereum,USDC,0.6,Kamino (Solana),Solana,USDC,3.007,2.747,305.0,3.581,4.672,3.932,25.5,0.935,1.286,0,0,13.2
USD,USDT,Aave v3 Ethereum,Ethereum,WETH,0.375,Stake WETH -> WBETH (binance-staked-eth),Ethereum,WETH,2.921,2.736,296.92,3.174,2.365,2.509,87.4,1.518,1.614,5,0,30.1
USD,USDC,Aave v3 Base,Base,WETH,0.375,Lend WETH on aave-v3,Ethereum,WETH,3.06,2.733,311.47,3.547,2.334,1.705,6.6,2.312,1.614,5,0,26.46
USD,USDC,Aave v3 Ethereum,Ethereum,WETH,0.375,Gate Uni lending,Gate,WETH,3.215,2.725,327.13,3.581,2.365,2.02,26.0,1.801,1.615,5,0,24.0
USD,USDC,Kamino (Solana),Solana,USDT,0.64,Stake USDE -> SUSDE (ethena-usde),Ethereum,USDE,3.213,2.72,326.23,3.932,5.139,4.238,27.9,1.545,1.389,0,0,14.4
USD,USDC,Kamino (Solana),Solana,USDT,0.64,fluid-lending USDC vault,Ethereum,USDC,3.469,2.718,352.5,3.932,5.139,4.631,35.6,1.794,1.389,0,0,14.41
USD,USDT,Aave v3 Ethereum,Ethereum,WETH,0.375,Stake WETH -> WEETH (ether.fi-stake),Ethereum,WETH,2.902,2.716,294.91,3.174,2.365,2.454,76.4,1.456,1.614,5,0,30.1
USD,USDC,Kamino (Solana),Solana,USDT,0.64,Stake USDS -> SUSDS (sky-lending),Ethereum,USDS,2.977,2.716,302.08,3.932,5.139,3.876,23.8,1.674,1.389,0,0,14.38
USD,USDT,Aave v3 Ethereum,Ethereum,USDC,0.6,Stake USDT -> SYRUPUSDT (maple),Ethereum,USDT,3.035,2.714,308.66,3.174,4.672,4.751,62.2,2.201,1.281,0,0,18.78
USD,USDT,Aave v3 Ethereum,Ethereum,WETH,0.375,Stake WETH -> WSTETH (lido),Ethereum,WETH,2.897,2.712,294.47,3.174,2.365,2.444,75.9,1.452,1.614,5,0,30.1
USD,USDC,Aave v3 Base,Base,WETH,0.375,OKX Simple Earn,OKX,WETH,3.141,2.705,319.69,3.547,2.334,1.426,18.6,2.318,1.614,5,0,5.15
USD,USDC,Aave v3 Ethereum,Ethereum,USDT,0.6,Lend USDC on aave-v3,Ethereum,USDC,2.902,2.702,294.4,3.581,4.357,3.435,5.8,1.178,1.29,0,0,12.66
USD,USDT,Aave v3 Ethereum,Ethereum,WETH,0.375,Stake WETH -> CBETH (coinbase-wrapped-staked-eth),Ethereum,WETH,2.934,2.69,298.24,3.174,2.365,2.546,86.8,1.543,1.614,5,0,30.1
USD,USDT,Aave v3 Ethereum,Ethereum,WETH,0.375,Stake WETH -> LSETH (liquid-collective),Ethereum,WETH,2.926,2.682,297.44,3.174,2.365,2.531,74.8,1.578,1.614,5,0,30.1
USD,USDC,Aave v3 Base,Base,WETH,0.375,Lend WETH on sparklend,Ethereum,WETH,3.006,2.679,305.87,3.547,2.334,1.568,1.6,2.243,1.614,5,0,26.46
USD,USDC,Aave v3 Base,Base,CBBTC,0.375,Lend CBBTC on sparklend,Ethereum,CBBTC,3.004,2.678,305.53,3.547,0.825,0.01,0.0,2.284,1.641,5,0,24.57
USD,USDC,Aave v3 Base,Base,CBBTC,0.375,Lend CBBTC on aave-v3,Ethereum,CBBTC,3.001,2.675,305.25,3.547,0.825,0.002,0.0,2.272,1.641,5,0,24.57
USD,USDC,Aave v3 Ethereum,Ethereum,WETH,0.375,OKX Simple Earn,OKX,WETH,2.98,2.671,303.0,3.581,2.365,1.426,20.8,1.808,1.615,5,0,24.0
USD,USDC,Aave v3 Ethereum,Ethereum,USDT,0.6,morpho-blue STEAKUSDC vault,Base,USDC,3.35,2.668,341.37,3.581,4.357,4.259,51.5,2.309,1.29,0,0,17.01
USD,USDC,Aave v3 Arbitrum,Arbitrum,USDC,0.6,Bitfinex funding,Bitfinex,USDT,3.278,2.666,333.25,2.765,4.058,4.979,65.2,1.328,1.283,0,0,4.94
USD,USDC,Aave v3 Base,Base,CBBTC,0.375,Lend WBTC on aave-v3,Arbitrum,WBTC,3.065,2.665,311.78,3.547,0.825,0.037,0.0,2.288,1.641,5,0,19.37
USD,USDT,Aave v3 Ethereum,Ethereum,USDC,0.6,Bitfinex funding,Bitfinex,USDT,3.181,2.648,323.51,3.174,4.672,4.979,54.5,1.509,1.281,0,0,18.29
USD,USDC,Aave v3 Arbitrum,Arbitrum,USDC,0.6,Stake USDT -> SYRUPUSDT (maple),Ethereum,USDT,3.046,2.646,309.71,2.765,4.058,4.751,92.6,2.139,1.283,0,0,14.13
USD,USDT,Aave v3 Ethereum,Ethereum,WETH,0.375,Stake WETH -> ETHX (stader),Ethereum,WETH,2.905,2.632,295.25,3.174,2.365,2.456,73.7,1.496,1.614,5,0,30.1
USD,USDT,Aave v3 Ethereum,Ethereum,WETH,0.375,Stake WETH -> OSETH (stakewise-v3),Ethereum,WETH,2.873,2.63,292.0,3.174,2.365,2.378,73.2,1.493,1.614,5,0,30.1
USD,USDT,Aave v3 Ethereum,Ethereum,WETH,0.375,Stake WETH -> RSETH (kelp),Ethereum,WETH,2.915,2.624,296.29,3.174,2.365,2.5,81.6,1.526,1.614,5,0,30.1
USD,USDT,Aave v3 Ethereum,Ethereum,USDT,0.6,morpho-blue GTUSDCP vault,Base,USDC,3.181,2.618,323.83,3.174,4.357,4.747,77.5,2.173,1.285,0,0,23.12
USD,USDT,Aave v3 Ethereum,Ethereum,WETH,0.375,Stake WETH -> RETH (rocket-pool),Ethereum,WETH,2.822,2.607,286.69,3.174,2.365,2.235,51.2,1.412,1.614,5,0,30.1
USD,USDC,Aave v3 Base,Base,USDC,0.6,morpho-blue SPARKUSDC vault,Base,USDC,3.248,2.606,330.41,3.547,4.996,4.515,16.4,2.485,1.281,0,0,0.3
USD,USDC,Aave v3 Base,Base,CBBTC,0.375,Lend WBTC on aave-v3,Ethereum,WBTC,2.925,2.599,297.54,3.547,0.825,0.006,0.0,2.273,1.641,5,0,32.42
USD,USDC,Aave v3 Base,Base,CBBTC,0.375,Lend TBTC on aave-v3,Ethereum,TBTC,2.924,2.599,297.47,3.547,0.825,0.004,0.0,2.273,1.641,5,0,32.42
USD,USDC,Aave v3 Base,Base,WETH,0.375,Bitfinex funding,Bitfinex,WETH,3.121,2.593,317.49,3.547,2.334,1.378,12.1,1.801,1.614,5,0,5.15
USD,USDC,Aave v3 Arbitrum,Arbitrum,USDC,0.6,Bitfinex funding,Bitfinex,USD,3.195,2.583,324.82,2.765,4.058,4.982,71.2,2.188,1.283,0,0,13.56
USD,USDC,Kamino (Solana),Solana,SOL,0.32,Gate Uni lending,Gate,SOL,3.096,2.579,314.38,3.932,6.854,4.268,4.4,0.962,1.673,7,0,0.47
USD,USDT,Aave v3 Ethereum,Ethereum,CBBTC,0.375,Lend CBBTC on sparklend,Ethereum,CBBTC,2.774,2.574,281.8,3.174,0.288,0.01,0.0,1.527,1.641,5,0,30.1
USD,USDC,Aave v3 Ethereum,Ethereum,USDC,0.6,fluid-lending USDT vault,Ethereum,USDT,3.254,2.571,330.67,3.581,4.672,4.334,37.5,1.698,1.286,0,0,12.68
USD,USDT,Aave v3 Ethereum,Ethereum,USDC,0.6,Bitfinex funding,Bitfinex,USD,3.098,2.565,315.09,3.174,4.672,4.982,57.8,2.163,1.281,0,0,26.9
USD,USDC,Kamino (Solana),Solana,USDT,0.64,fluid-lending USDT vault,Ethereum,USDT,3.315,2.564,336.56,3.932,5.139,4.334,28.5,1.837,1.389,0,0,10.48
USD,USDC,Aave v3 Ethereum,Ethereum,WETH,0.375,Bitfinex funding,Bitfinex,WETH,2.959,2.559,300.81,3.581,2.365,1.378,13.2,1.15,1.615,5,0,24.0
USD,USDC,Aave v3 Ethereum,Ethereum,CBBTC,0.375,OKX Simple Earn,OKX,BTC,3.278,2.547,333.96,3.581,0.288,0.528,50.7,2.202,1.644,5,0,38.89
USD,USDC,Aave v3 Ethereum,Ethereum,WBTC,0.375,OKX Simple Earn,OKX,BTC,3.258,2.526,331.86,3.581,0.343,0.528,50.7,2.196,1.643,5,0,38.89
USD,USDT,Aave v3 Ethereum,Ethereum,WETH,0.375,Stake WETH -> METH (meth-protocol),Ethereum,WETH,2.762,2.519,280.61,3.174,2.365,2.073,35.6,1.408,1.614,5,0,30.1
USD,USDC,Aave v3 Ethereum,Ethereum,USDC,0.6,morpho-blue STEAKUSDC vault,Base,USDC,3.195,2.512,325.28,3.581,4.672,4.259,43.0,2.273,1.286,0,0,13.33
USD,USDC,Kamino (Solana),Solana,USDT,0.64,morpho-blue STEAKUSDC vault,Base,USDC,3.263,2.511,331.93,3.932,5.139,4.259,35.9,1.785,1.389,0,0,10.05
USD,USDC,Aave v3 Base,Base,USDC,0.6,Kamino (Solana),Solana,USDC,2.846,2.506,288.32,3.547,4.996,3.932,23.8,1.226,1.281,0,0,5.95
USD,USDT,Aave v3 Ethereum,Ethereum,CBBTC,0.375,Lend WBTC on aave-v3,Ethereum,WBTC,2.695,2.495,273.81,3.174,0.288,0.006,0.0,1.518,1.641,5,0,37.95
USD,USDT,Aave v3 Ethereum,Ethereum,CBBTC,0.375,Lend TBTC on aave-v3,Ethereum,TBTC,2.695,2.495,273.73,3.174,0.288,0.004,0.0,1.518,1.641,5,0,37.95
USD,USDC,Aave v3 Arbitrum,Arbitrum,USDC,0.6,morpho-blue GTUSDCP vault,Base,USDC,3.122,2.48,317.47,2.765,4.058,4.747,88.2,2.028,1.283,0,0,6.09
USD,USDT,Aave v3 Ethereum,Ethereum,USDT,0.6,morpho-blue SPARKUSDC vault,Base,USDC,3.039,2.476,309.25,3.174,4.357,4.515,67.9,2.143,1.285,0,0,23.11
USD,USDT,Aave v3 Ethereum,Ethereum,USDT,0.6,Stake USDE -> SUSDE (ethena-usde),Ethereum,USDE,2.918,2.476,296.28,3.174,4.357,4.238,68.2,1.991,1.285,0,0,18.77
USD,USDT,Aave v3 Ethereum,Ethereum,WBTC,0.375,Lend CBBTC on sparklend,Ethereum,CBBTC,2.676,2.476,271.84,3.174,0.343,0.01,0.0,1.52,1.64,5,0,37.95
USD,USDT,Aave v3 Ethereum,Ethereum,USDT,0.6,fluid-lending USDC vault,Ethereum,USDC,3.158,2.475,320.92,3.174,4.357,4.631,53.4,1.623,1.285,0,0,18.78
USD,USDT,Aave v3 Ethereum,Ethereum,WBTC,0.375,Lend TBTC on aave-v3,Ethereum,TBTC,2.674,2.474,271.63,3.174,0.343,0.004,0.0,1.512,1.64,5,0,37.95
USD,USDT,Aave v3 Ethereum,Ethereum,WBTC,0.375,Lend CBBTC on aave-v3,Ethereum,CBBTC,2.674,2.474,271.57,3.174,0.343,0.002,0.0,1.511,1.64,5,0,37.95
USD,USDT,Aave v3 Ethereum,Ethereum,USDT,0.6,Stake USDS -> SUSDS (sky-lending),Ethereum,USDS,2.697,2.472,273.64,3.174,4.357,3.876,37.0,2.244,1.285,0,0,18.77
USD,USDC,Aave v3 Base,Base,USDC,0.6,fluid-lending USDC vault,Ethereum,USDC,3.225,2.462,327.62,3.547,4.996,4.631,35.6,2.185,1.281,0,0,10.44
USD,USDT,Aave v3 Ethereum,Ethereum,USDC,0.6,morpho-blue GTUSDCP vault,Base,USDC,3.025,2.462,307.74,3.174,4.672,4.747,61.4,1.946,1.281,0,0,19.43
USD,USDC,Kamino (Solana),Solana,USDT,0.64,Lend USDC on aave-v3,Ethereum,USDC,2.694,2.459,272.87,3.932,5.139,3.435,8.2,0.766,1.389,0,0,14.36
USD,USDC,Kamino (Solana),Solana,SOL,0.32,Bitfinex funding,Bitfinex,SOL,2.886,2.447,292.95,3.932,6.854,3.605,3.6,0.243,1.673,7,0,0.47
USD,USDT,Aave v3 Ethereum,Ethereum,USDT,0.6,Kamino (Solana),Solana,USDC,2.693,2.433,272.95,3.174,4.357,3.932,37.0,0.9,1.285,0,0,22.97
USD,USDT,Aave v3 Ethereum,Ethereum,CBBTC,0.375,Lend CBBTC on aave-v3,Base,CBBTC,2.706,2.431,274.87,3.174,0.288,0.033,0.0,1.382,1.641,5,0,37.91
USD,USDC,Aave v3 Base,Base,USDC,0.6,Stake USDE -> SUSDE (ethena-usde),Ethereum,USDE,2.948,2.428,299.3,3.547,4.996,4.238,15.9,2.352,1.281,0,0,14.11
USD,USDC,Aave v3 Base,Base,USDC,0.6,Stake USDS -> SUSDS (sky-lending),Ethereum,USDS,2.727,2.424,276.67,3.547,4.996,3.876,4.4,2.378,1.281,0,0,14.09
USD,USDT,Aave v3 Ethereum,Ethereum,WBTC,0.375,Lend WBTC on aave-v3,Arbitrum,WBTC,2.687,2.412,272.93,3.174,0.343,0.037,0.0,1.376,1.64,5,0,37.91
USD,USDC,Aave v3 Base,Base,CBBTC,0.375,OKX Simple Earn,OKX,BTC,3.245,2.388,330.44,3.547,0.825,0.528,28.8,2.601,1.641,5,0,18.57
USD,USDT,Aave v3 Ethereum,Ethereum,WETH,0.375,Lend WETH on sparklend,Ethereum,WETH,2.585,2.385,262.36,3.174,2.365,1.568,0.5,1.233,1.614,5,0,30.1
USD,USDT,Aave v3 Ethereum,Ethereum,CBBTC,0.375,Lend WBTC on aave-v3,Arbitrum,WBTC,2.63,2.356,267.18,3.174,0.288,0.037,0.0,1.382,1.641,5,0,45.77
USD,USDC,Aave v3 Arbitrum,Arbitrum,USDC,0.6,morpho-blue SPARKUSDC vault,Base,USDC,2.98,2.338,302.9,2.765,4.058,4.515,79.5,2.024,1.283,0,0,6.08
USD,USDT,Aave v3 Ethereum,Ethereum,WBTC,0.375,Lend CBBTC on aave-v3,Base,CBBTC,2.608,2.333,264.91,3.174,0.343,0.033,0.0,1.376,1.64,5,0,45.77
USD,USDT,Aave v3 Ethereum,Ethereum,USDT,0.6,fluid-lending USDT vault,Ethereum,USDT,3.014,2.331,305.97,3.174,4.357,4.334,49.3,1.586,1.285,0,0,15.1
USD,USDC,Aave v3 Base,Base,USDC,0.6,morpho-blue STEAKUSDC vault,Base,USDC,3.091,2.328,314.37,3.547,4.996,4.259,12.1,2.489,1.281,0,0,0.3
USD,USDC,Aave v3 Ethereum,Ethereum,USDC,0.6,Lend USDT on aave-v3,Ethereum,USDT,2.525,2.325,255.8,3.581,4.672,3.132,3.3,1.069,1.286,0,0,12.66
USD,USDT,Aave v3 Ethereum,Ethereum,USDC,0.6,morpho-blue SPARKUSDC vault,Base,USDC,2.883,2.32,293.16,3.174,4.672,4.515,47.7,1.906,1.281,0,0,19.43
USD,USDT,Aave v3 Ethereum,Ethereum,USDC,0.6,fluid-lending USDC vault,Ethereum,USDC,3.002,2.319,304.83,3.174,4.672,4.631,39.7,1.497,1.281,0,0,15.1
USD,USDC,Kamino (Solana),Solana,USDT,0.64,Lend USDT on aave-v3,Ethereum,USDT,2.537,2.301,256.7,3.932,5.139,3.132,4.1,0.636,1.389,0,0,10.45
USD,USDC,Aave v3 Arbitrum,Arbitrum,USDC,0.6,Kamino (Solana),Solana,USDC,2.633,2.294,266.58,2.765,4.058,3.932,45.5,0.687,1.283,0,0,5.95
USD,USDC,Aave v3 Ethereum,Ethereum,USDT,0.6,Kamino (Solana),Solana,USDT,2.546,2.286,257.62,3.581,4.357,2.85,19.7,0.589,1.29,0,0,13.18
USD,USDT,Aave v3 Ethereum,Ethereum,USDC,0.6,Stake USDE -> SUSDE (ethena-usde),Ethereum,USDE,2.725,2.284,276.51,3.174,4.672,4.238,36.2,1.831,1.281,0,0,18.77
USD,USDT,Aave v3 Ethereum,Ethereum,USDC,0.6,Stake USDS -> SUSDS (sky-lending),Ethereum,USDS,2.504,2.279,253.87,3.174,4.672,3.876,19.5,1.938,1.281,0,0,18.77
USD,USDT,Aave v3 Ethereum,Ethereum,USDC,0.6,Kamino (Solana),Solana,USDC,2.536,2.276,256.85,3.174,4.672,3.932,25.5,0.857,1.281,0,0,19.3
USD,USDC,Aave v3 Ethereum,Ethereum,CBBTC,0.375,Bitfinex funding,Bitfinex,BTC,3.094,2.27,314.82,3.581,0.288,0.003,0.0,1.853,1.644,5,0,38.87
USD,USDC,Aave v3 Ethereum,Ethereum,USDT,0.6,Lend USDS on sparklend,Ethereum,USDS,2.457,2.257,248.91,3.581,4.357,2.7,0.5,1.588,1.29,0,0,12.65
USD,USDT,Aave v3 Ethereum,Ethereum,WETH,0.375,Gate Uni lending,Gate,WETH,2.747,2.256,279.0,3.174,2.365,2.02,26.0,1.376,1.614,5,0,30.1
USD,USDC,Aave v3 Arbitrum,Arbitrum,USDC,0.6,fluid-lending USDC vault,Ethereum,USDC,3.014,2.251,305.89,2.765,4.058,4.631,65.2,1.482,1.283,0,0,10.44
USD,USDC,Aave v3 Ethereum,Ethereum,WBTC,0.375,Bitfinex funding,Bitfinex,BTC,3.074,2.25,312.71,3.581,0.343,0.003,0.0,1.847,1.643,5,0,38.87
USD,USDC,Aave v3 Arbitrum,Arbitrum,WETH,0.375,Stake WETH -> WBETH (binance-staked-eth),Ethereum,WETH,2.562,2.25,259.95,2.765,2.344,2.509,72.1,1.495,1.613,5,0,26.45
USD,USDC,Aave v3 Base,Base,USDC,0.6,fluid-lending USDT vault,Ethereum,USDT,3.008,2.246,305.3,3.547,4.996,4.334,26.3,2.226,1.281,0,0,14.11
USD,USDC,Aave v3 Ethereum,Ethereum,CBBTC,0.375,Gate Uni lending,Gate,BTC,3.155,2.238,321.13,3.581,0.288,0.173,21.6,1.935,1.644,5,0,38.88
USD,USDT,Aave v3 Ethereum,Ethereum,USDT,0.6,Lend USDC on aave-v3,Ethereum,USDC,2.431,2.231,246.24,3.174,4.357,3.435,5.8,1.067,1.285,0,0,18.76
USD,USDC,Aave v3 Arbitrum,Arbitrum,WETH,0.375,Stake WETH -> WEETH (ether.fi-stake),Ethereum,WETH,2.543,2.23,257.95,2.765,2.344,2.454,68.8,1.434,1.613,5,0,26.45
USD,USDC,Aave v3 Arbitrum,Arbitrum,WETH,0.375,Stake WETH -> WSTETH (lido),Ethereum,WETH,2.539,2.226,257.51,2.765,2.344,2.444,66.3,1.43,1.613,5,0,26.45
USD,USDC,Aave v3 Base,Base,USDC,0.6,Lend USDC on aave-v3,Ethereum,USDC,2.498,2.218,252.94,3.547,4.996,3.435,3.8,1.47,1.281,0,0,10.41
USD,USDC,Aave v3 Ethereum,Ethereum,WBTC,0.375,Gate Uni lending,Gate,BTC,3.135,2.217,319.02,3.581,0.343,0.173,12.9,1.927,1.643,5,0,38.87
USD,USDC,Aave v3 Arbitrum,Arbitrum,USDC,0.6,Stake USDE -> SUSDE (ethena-usde),Ethereum,USDE,2.737,2.216,277.56,2.765,4.058,4.238,72.3,1.849,1.283,0,0,14.11
USD,USDC,Aave v3 Arbitrum,Arbitrum,USDC,0.6,Stake USDS -> SUSDS (sky-lending),Ethereum,USDS,2.515,2.212,254.93,2.765,4.058,3.876,45.8,2.07,1.283,0,0,14.09
USD,USDC,Aave v3 Arbitrum,Arbitrum,WETH,0.375,Stake WETH -> CBETH (coinbase-wrapped-staked-eth),Ethereum,WETH,2.575,2.204,261.28,2.765,2.344,2.546,74.5,1.521,1.613,5,0,26.45
USD,USDT,Aave v3 Ethereum,Ethereum,WETH,0.375,OKX Simple Earn,OKX,WETH,2.511,2.202,254.93,3.174,2.365,1.426,20.8,1.383,1.614,5,0,30.1
USD,USDT,Aave v3 Ethereum,Ethereum,USDT,0.6,morpho-blue STEAKUSDC vault,Base,USDC,2.882,2.199,293.22,3.174,4.357,4.259,51.5,2.188,1.285,0,0,23.1
USD,USDC,Aave v3 Arbitrum,Arbitrum,WETH,0.375,Stake WETH -> LSETH (liquid-collective),Ethereum,WETH,2.567,2.196,260.48,2.765,2.344,2.531,69.9,1.503,1.613,5,0,26.45
USD,USDT,Kamino (Solana),Solana,USDC,0.64,Stake USDC -> SYRUPUSDC (maple),Ethereum,USDC,2.452,2.152,248.64,2.85,5.604,5.251,46.0,0.759,1.368,0,0,16.58
USD,USDC,Aave v3 Arbitrum,Arbitrum,WETH,0.375,Stake WETH -> ETHX (stader),Ethereum,WETH,2.546,2.146,258.29,2.765,2.344,2.456,64.4,1.474,1.613,5,0,26.45
USD,USDC,Aave v3 Arbitrum,Arbitrum,WETH,0.375,Stake WETH -> OSETH (stakewise-v3),Ethereum,WETH,2.515,2.144,255.04,2.765,2.344,2.378,64.1,1.421,1.613,5,0,26.45
USD,USDC,Aave v3 Arbitrum,Arbitrum,WETH,0.375,Stake WETH -> RSETH (kelp),Ethereum,WETH,2.556,2.138,259.32,2.765,2.344,2.5,72.9,1.504,1.613,5,0,26.45
USD,USDC,Aave v3 Arbitrum,Arbitrum,WETH,0.375,Stake WETH -> RETH (rocket-pool),Ethereum,WETH,2.463,2.121,249.75,2.765,2.344,2.235,41.6,1.39,1.613,5,0,26.45
USD,USDC,Aave v3 Base,Base,CBBTC,0.375,Bitfinex funding,Bitfinex,BTC,3.06,2.112,311.3,3.547,0.825,0.003,0.0,2.272,1.641,5,0,18.55
USD,USDT,Aave v3 Ethereum,Ethereum,USDC,0.6,fluid-lending USDT vault,Ethereum,USDT,2.785,2.101,282.51,3.174,4.672,4.334,37.5,1.404,1.281,0,0,18.78
USD,USDT,Aave v3 Ethereum,Ethereum,WETH,0.375,Bitfinex funding,Bitfinex,WETH,2.49,2.09,252.74,3.174,2.365,1.378,13.2,0.791,1.614,5,0,30.1
USD,USDC,Aave v3 Base,Base,CBBTC,0.375,Gate Uni lending,Gate,BTC,3.121,2.079,317.6,3.547,0.825,0.173,0.0,2.325,1.641,5,0,18.56
USD,USDT,Aave v3 Ethereum,Ethereum,CBBTC,0.375,OKX Simple Earn,OKX,BTC,2.811,2.079,285.83,3.174,0.288,0.528,50.7,1.859,1.641,5,0,44.97
USD,USDC,Aave v3 Ethereum,Ethereum,USDC,0.6,Lend USDS on sparklend,Ethereum,USDS,2.263,2.063,229.14,3.581,4.672,2.7,0.3,1.549,1.286,0,0,12.65
USD,USDC,Aave v3 Arbitrum,Arbitrum,USDC,0.6,morpho-blue STEAKUSDC vault,Base,USDC,2.823,2.06,286.86,2.765,4.058,4.259,55.6,2.028,1.283,0,0,6.08
USD,USDT,Aave v3 Ethereum,Ethereum,WBTC,0.375,OKX Simple Earn,OKX,BTC,2.79,2.058,283.73,3.174,0.343,0.528,50.7,1.852,1.64,5,0,44.97
USD,USDC,Aave v3 Ethereum,Ethereum,USDC,0.6,Kamino (Solana),Solana,USDT,2.316,2.056,234.19,3.581,4.672,2.85,7.9,0.451,1.286,0,0,16.83
USD,USDC,Aave v3 Ethereum,Ethereum,USDT,0.6,Lend USDE on aave-v3,Ethereum,USDE,2.247,2.047,227.22,3.581,4.357,2.347,4.4,0.543,1.29,0,0,12.64
USD,USDT,Aave v3 Ethereum,Ethereum,USDC,0.6,morpho-blue STEAKUSDC vault,Base,USDC,2.726,2.042,277.12,3.174,4.672,4.259,43.0,1.824,1.281,0,0,19.43
USD,USDC,Aave v3 Arbitrum,Arbitrum,USDC,0.6,fluid-lending USDT vault,Ethereum,USDT,2.796,2.034,283.57,2.765,4.058,4.334,57.0,1.452,1.283,0,0,14.11
USD,USDC,Aave v3 Arbitrum,Arbitrum,WETH,0.375,Stake WETH -> METH (meth-protocol),Ethereum,WETH,2.403,2.033,243.67,2.765,2.344,2.073,34.5,1.386,1.613,5,0,26.44
USD,USDC,Aave v3 Arbitrum,Arbitrum,USDC,0.6,Lend USDC on aave-v3,Ethereum,USDC,2.285,2.006,231.2,2.765,4.058,3.435,11.8,0.904,1.283,0,0,10.41
USD,USDC,Aave v3 Base,Base,USDC,0.6,Lend USDT on aave-v3,Ethereum,USDT,2.278,1.998,230.46,3.547,4.996,3.132,4.1,1.379,1.281,0,0,14.06
USD,USDC,Kamino (Solana),Solana,USDT,0.64,Lend USDS on sparklend,Ethereum,USDS,2.219,1.983,224.37,3.932,5.139,2.7,8.5,0.896,1.389,0,0,14.34
USD,USDC,Aave v3 Arbitrum,Arbitrum,WETH,0.375,Gate Uni lending,Gate,WETH,2.598,1.98,263.36,2.765,2.344,2.02,19.2,1.463,1.613,5,0,5.15
USD,USDT,Kamino (Solana),Solana,SOL,0.32,Kamino (Solana),Solana,JITOSOL,2.35,1.975,237.71,2.85,6.854,5.623,31.0,0.281,1.669,7,0,9.54
USD,USDC,Aave v3 Arbitrum,Arbitrum,WETH,0.375,Lend WETH on aave-v3,Ethereum,WETH,2.28,1.953,231.05,2.765,2.344,1.705,9.0,1.281,1.613,5,0,26.44
USD,USDC,Aave v3 Arbitrum,Arbitrum,WETH,0.375,OKX Simple Earn,OKX,WETH,2.362,1.926,239.35,2.765,2.344,1.426,12.9,1.222,1.613,5,0,5.15
USD,USDC,Aave v3 Arbitrum,Arbitrum,WETH,0.375,Lend WETH on sparklend,Ethereum,WETH,2.226,1.898,225.46,2.765,2.344,1.568,2.2,1.191,1.613,5,0,26.44
USD,USDC,Aave v3 Arbitrum,Arbitrum,WBTC,0.375,Lend WBTC on aave-v3,Ethereum,WBTC,2.205,1.879,223.31,2.765,0.86,0.006,0.0,1.171,1.637,5,0,24.55
USD,USDC,Aave v3 Arbitrum,Arbitrum,WBTC,0.375,Lend CBBTC on aave-v3,Base,CBBTC,2.266,1.866,229.56,2.765,0.86,0.033,0.0,1.179,1.637,5,0,19.32
USD,USDC,Aave v3 Ethereum,Ethereum,USDC,0.6,Lend USDE on aave-v3,Ethereum,USDE,2.053,1.853,207.44,3.581,4.672,2.347,3.3,0.49,1.286,0,0,12.64
USD,USDT,Aave v3 Ethereum,Ethereum,USDC,0.6,Lend USDT on aave-v3,Ethereum,USDT,2.053,1.853,207.64,3.174,4.672,3.132,3.3,0.813,1.281,0,0,18.75
USD,USDC,Aave v3 Arbitrum,Arbitrum,WETH,0.375,Bitfinex funding,Bitfinex,WETH,2.342,1.814,237.18,2.765,2.344,1.378,10.7,0.727,1.613,5,0,5.15
USD,USDC,Aave v3 Base,Base,USDC,0.6,Kamino (Solana),Solana,USDT,2.154,1.814,217.51,3.547,4.996,2.85,7.9,0.809,1.281,0,0,9.58
USD,USDT,Aave v3 Ethereum,Ethereum,USDT,0.6,Kamino (Solana),Solana,USDT,2.074,1.814,209.47,3.174,4.357,2.85,19.7,0.293,1.285,0,0,19.28
USD,USDC,Aave v3 Arbitrum,Arbitrum,WBTC,0.375,Lend CBBTC on sparklend,Ethereum,CBBTC,2.129,1.803,215.63,2.765,0.86,0.01,0.0,1.182,1.637,5,0,32.37
USD,USDT,Aave v3 Ethereum,Ethereum,CBBTC,0.375,Bitfinex funding,Bitfinex,BTC,2.625,1.802,266.7,3.174,0.288,0.003,0.0,1.517,1.641,5,0,44.95
USD,USDC,Aave v3 Arbitrum,Arbitrum,WBTC,0.375,Lend TBTC on aave-v3,Ethereum,TBTC,2.127,1.801,215.41,2.765,0.86,0.004,0.0,1.172,1.637,5,0,32.37
USD,USDC,Aave v3 Arbitrum,Arbitrum,WBTC,0.375,Lend CBBTC on aave-v3,Ethereum,CBBTC,2.126,1.801,215.35,2.765,0.86,0.002,0.0,1.17,1.637,5,0,32.37
USD,USDC,Aave v3 Arbitrum,Arbitrum,USDC,0.6,Lend USDT on aave-v3,Ethereum,USDT,2.065,1.785,208.72,2.765,4.058,3.132,9.6,0.826,1.283,0,0,14.06
USD,USDT,Aave v3 Ethereum,Ethereum,USDT,0.6,Lend USDS on sparklend,Ethereum,USDS,1.985,1.785,200.76,3.174,4.357,2.7,0.5,1.491,1.285,0,0,18.75
USD,USDT,Aave v3 Ethereum,Ethereum,WBTC,0.375,Bitfinex funding,Bitfinex,BTC,2.605,1.781,264.59,3.174,0.343,0.003,0.0,1.511,1.64,5,0,44.95
USD,USDT,Aave v3 Ethereum,Ethereum,CBBTC,0.375,Gate Uni lending,Gate,BTC,2.687,1.769,273.0,3.174,0.288,0.173,21.6,1.612,1.641,5,0,44.96
USD,USDC,Kamino (Solana),Solana,USDT,0.64,Lend USDE on aave-v3,Ethereum,USDE,1.994,1.759,201.23,3.932,5.139,2.347,4.1,-0.118,1.389,0,0,14.32
USD,USDT,Aave v3 Ethereum,Ethereum,WBTC,0.375,Gate Uni lending,Gate,BTC,2.666,1.749,270.9,3.174,0.343,0.173,12.9,1.606,1.64,5,0,44.96
USD,USDT,Kamino (Solana),Solana,USDC,0.64,Bitfinex funding,Bitfinex,USDT,2.33,1.738,235.81,2.85,5.604,4.979,35.6,0.542,1.368,0,0,11.07
USD,USDC,Aave v3 Base,Base,USDC,0.6,Lend USDS on sparklend,Ethereum,USDS,2.016,1.736,203.81,3.547,4.996,2.7,0.3,1.749,1.281,0,0,14.05
USD,USDT,Kamino (Solana),Solana,USDC,0.64,Stake USDT -> SYRUPUSDT (maple),Ethereum,USDT,2.085,1.72,211.07,2.85,5.604,4.751,38.1,0.369,1.368,0,0,20.5
USD,USDT,Kamino (Solana),Solana,SOL,0.32,OKX Simple Earn,OKX,SOL,2.065,1.703,208.75,2.85,6.854,4.716,13.7,0.518,1.669,7,0,6.56
USD,USDC,Aave v3 Ethereum,Ethereum,USDT,0.6,OKX Simple Earn,OKX,USDC,2.082,1.702,210.31,3.581,4.357,2.063,4.4,0.605,1.29,0,0,12.14
USD,USDT,Kamino (Solana),Solana,USDC,0.64,Bitfinex funding,Bitfinex,USD,2.241,1.649,226.82,2.85,5.604,4.982,36.4,0.657,1.368,0,0,20.26
USD,USDC,Aave v3 Ethereum,Ethereum,USDT,0.6,OKX Simple Earn,OKX,USDT,2.002,1.622,202.09,3.581,4.357,1.87,0.5,0.705,1.29,0,0,8.5
USD,USDC,Aave v3 Arbitrum,Arbitrum,USDC,0.6,Kamino (Solana),Solana,USDT,1.94,1.601,195.77,2.765,4.058,2.85,22.2,0.215,1.283,0,0,9.58
USD,USDC,Aave v3 Ethereum,Ethereum,USDT,0.6,Gate Uni lending,Gate,USDC,2.281,1.601,230.6,3.581,4.357,2.395,3.6,0.943,1.29,0,0,12.14
USD,USDC,Aave v3 Arbitrum,Arbitrum,WBTC,0.375,OKX Simple Earn,OKX,BTC,2.449,1.592,248.34,2.765,0.86,0.528,44.7,1.421,1.637,5,0,18.54
USD,USDT,Aave v3 Ethereum,Ethereum,USDC,0.6,Lend USDS on sparklend,Ethereum,USDS,1.791,1.591,180.98,3.174,4.672,2.7,0.3,1.086,1.281,0,0,18.75
USD,USDT,Aave v3 Ethereum,Ethereum,USDC,0.6,Kamino (Solana),Solana,USDT,1.843,1.583,186.04,3.174,4.672,2.85,7.9,0.024,1.281,0,0,22.93
USD,USDT,Aave v3 Ethereum,Ethereum,USDT,0.6,Lend USDE on aave-v3,Ethereum,USDE,1.774,1.574,179.07,3.174,4.357,2.347,4.4,0.408,1.285,0,0,18.74
USD,USDC,Aave v3 Ethereum,Ethereum,USDC,0.6,OKX Simple Earn,OKX,USDC,1.924,1.544,194.17,3.581,4.672,2.063,1.9,0.567,1.286,0,0,8.5
USD,USDT,Kamino (Solana),Solana,USDC,0.64,morpho-blue GTUSDCP vault,Base,USDC,2.164,1.539,219.06,2.85,5.604,4.747,35.1,0.076,1.368,0,0,12.22
USD,USDC,Aave v3 Base,Base,USDC,0.6,Lend USDE on aave-v3,Ethereum,USDE,1.805,1.525,182.12,3.547,4.996,2.347,5.2,0.69,1.281,0,0,14.04
USD,USDC,Aave v3 Arbitrum,Arbitrum,USDC,0.6,Lend USDS on sparklend,Ethereum,USDS,1.802,1.523,182.07,2.765,4.058,2.7,0.8,1.314,1.283,0,0,14.05
USD,USDC,Kamino (Solana),Solana,USDT,0.64,OKX Simple Earn,OKX,USDC,1.905,1.477,192.05,3.932,5.139,2.063,2.2,-0.083,1.389,0,0,4.93
USD,USDC,Aave v3 Ethereum,Ethereum,USDC,0.6,Gate Uni lending,Gate,USDC,2.123,1.442,214.47,3.581,4.672,2.395,3.0,0.897,1.286,0,0,8.5
USD,USDT,Kamino (Solana),Solana,SOL,0.32,Gate Uni lending,Gate,SOL,1.949,1.432,196.83,2.85,6.854,4.268,4.4,-0.121,1.669,7,0,6.56
USD,USDC,Kamino (Solana),Solana,USDT,0.64,OKX Simple Earn,OKX,USDT,1.82,1.391,183.29,3.932,5.139,1.87,0.0,-0.024,1.389,0,0,1.05
USD,USDC,Aave v3 Ethereum,Ethereum,USDC,0.6,OKX Simple Earn,OKX,USDT,1.772,1.391,178.69,3.581,4.672,1.87,0.5,0.66,1.286,0,0,12.13
USD,USDT,Kamino (Solana),Solana,USDC,0.64,morpho-blue SPARKUSDC vault,Base,USDC,2.011,1.387,203.51,2.85,5.604,4.515,34.0,0.008,1.368,0,0,12.22
USD,USDT,Aave v3 Ethereum,Ethereum,USDC,0.6,Lend USDE on aave-v3,Ethereum,USDE,1.579,1.379,159.29,3.174,4.672,2.347,3.3,0.223,1.281,0,0,18.74
USD,USDC,Kamino (Solana),Solana,USDT,0.64,Gate Uni lending,Gate,USDC,2.118,1.369,213.69,3.932,5.139,2.395,3.6,-0.096,1.389,0,0,4.94
USD,USDC,Aave v3 Arbitrum,Arbitrum,WBTC,0.375,Bitfinex funding,Bitfinex,BTC,2.263,1.314,229.23,2.765,0.86,0.003,0.0,1.17,1.637,5,0,18.52
USD,USDC,Aave v3 Arbitrum,Arbitrum,USDC,0.6,Lend USDE on aave-v3,Ethereum,USDE,1.591,1.311,160.38,2.765,4.058,2.347,6.3,0.251,1.283,0,0,14.04
USD,USDC,Aave v3 Base,Base,USDC,0.6,OKX Simple Earn,OKX,USDC,1.76,1.3,177.49,3.547,4.996,2.063,1.6,0.747,1.281,0,0,1.25
USD,USDT,Kamino (Solana),Solana,SOL,0.32,Bitfinex funding,Bitfinex,SOL,1.739,1.3,175.55,2.85,6.854,3.605,3.6,-0.907,1.669,7,0,6.56
USD,USDT,Kamino (Solana),Solana,USDC,0.64,fluid-lending USDC vault,Ethereum,USDC,2.048,1.295,206.99,2.85,5.604,4.631,16.4,-0.166,1.368,0,0,16.57
USD,USDC,Aave v3 Arbitrum,Arbitrum,WBTC,0.375,Gate Uni lending,Gate,BTC,2.324,1.282,235.52,2.765,0.86,0.173,3.8,1.215,1.637,5,0,18.53
USD,USDC,Aave v3 Ethereum,Ethereum,USDT,0.6,Stake DAI -> SDAI (sky-lending),Ethereum,DAI,1.597,1.277,161.0,3.581,4.357,1.263,0.0,0.759,1.29,0,0,12.62
USD,USDT,Kamino (Solana),Solana,USDC,0.64,Stake USDE -> SUSDE (ethena-usde),Ethereum,USDE,1.751,1.257,176.78,2.85,5.604,4.238,21.4,0.091,1.368,0,0,20.48
USD,USDT,Kamino (Solana),Solana,USDC,0.64,Stake USDS -> SUSDS (sky-lending),Ethereum,USDS,1.513,1.252,152.64,2.85,5.604,3.876,12.3,0.138,1.368,0,0,20.47
USD,USDT,Aave v3 Ethereum,Ethereum,USDT,0.6,OKX Simple Earn,OKX,USDC,1.608,1.228,162.16,3.174,4.357,2.063,4.4,0.532,1.285,0,0,18.23
USD,USDC,Aave v3 Base,Base,USDC,0.6,Gate Uni lending,Gate,USDC,1.96,1.199,197.78,3.547,4.996,2.395,2.2,0.901,1.281,0,0,1.25
USD,USDC,Aave v3 Base,Base,USDC,0.6,OKX Simple Earn,OKX,USDT,1.608,1.148,162.0,3.547,4.996,1.87,0.5,0.919,1.281,0,0,4.88
USD,USDT,Aave v3 Ethereum,Ethereum,USDT,0.6,OKX Simple Earn,OKX,USDT,1.528,1.147,153.94,3.174,4.357,1.87,0.5,0.564,1.285,0,0,14.6
USD,USDC,Aave v3 Ethereum,Ethereum,USDT,0.6,Gate Uni lending,Gate,USDT,1.822,1.143,183.83,3.581,4.357,1.57,0.5,0.461,1.29,0,0,8.5
USD,USDT,Aave v3 Ethereum,Ethereum,USDT,0.6,Gate Uni lending,Gate,USDC,1.808,1.127,182.45,3.174,4.357,2.395,3.6,0.755,1.285,0,0,18.24
USD,USDT,Kamino (Solana),Solana,USDC,0.64,morpho-blue STEAKUSDC vault,Base,USDC,1.843,1.089,186.4,2.85,5.604,4.259,34.0,0.113,1.368,0,0,12.21
USD,USDC,Aave v3 Arbitrum,Arbitrum,USDC,0.6,OKX Simple Earn,OKX,USDC,1.546,1.086,155.76,2.765,4.058,2.063,3.6,0.318,1.283,0,0,1.25
USD,USDC,Aave v3 Ethereum,Ethereum,USDC,0.6,Stake DAI -> SDAI (sky-lending),Ethereum,DAI,1.402,1.082,141.22,3.581,4.672,1.263,0.0,0.709,1.286,0,0,12.62
USD,USDT,Aave v3 Ethereum,Ethereum,USDC,0.6,OKX Simple Earn,OKX,USDC,1.449,1.069,146.02,3.174,4.672,2.063,1.9,0.49,1.281,0,0,14.6
USD,USDT,Kamino (Solana),Solana,USDC,0.64,fluid-lending USDT vault,Ethereum,USDT,1.815,1.061,183.18,2.85,5.604,4.334,12.1,-0.484,1.368,0,0,20.49
USD,USDT,Kamino (Solana),Solana,USDC,0.64,Lend USDC on aave-v3,Ethereum,USDC,1.264,1.029,127.33,2.85,5.604,3.435,3.3,-0.675,1.368,0,0,16.54
USD,USDC,OKX margin,OKX,USDT,0.6,Stake USDC -> SYRUPUSDC (maple),Ethereum,USDC,1.379,1.001,139.0,0.0,2.879,5.251,100.0,0.917,1.457,0,0,9.2
USD,USDC,Aave v3 Arbitrum,Arbitrum,USDC,0.6,Gate Uni lending,Gate,USDC,1.746,0.985,176.05,2.765,4.058,2.395,2.7,0.456,1.283,0,0,1.25
USD,USDT,Aave v3 Ethereum,Ethereum,USDC,0.6,Gate Uni lending,Gate,USDC,1.649,0.968,166.31,3.174,4.672,2.395,3.0,0.632,1.281,0,0,14.6
USD,USDC,Kamino (Solana),Solana,USDT,0.64,Stake DAI -> SDAI (sky-lending),Ethereum,DAI,1.299,0.935,130.62,3.932,5.139,1.263,0.0,0.052,1.389,0,0,14.28
USD,USDC,Aave v3 Arbitrum,Arbitrum,USDC,0.6,OKX Simple Earn,OKX,USDT,1.393,0.933,140.27,2.765,4.058,1.87,1.4,0.418,1.283,0,0,4.88
USD,USDT,Aave v3 Ethereum,Ethereum,USDC,0.6,OKX Simple Earn,OKX,USDT,1.296,0.916,130.53,3.174,4.672,1.87,0.5,0.422,1.281,0,0,18.23
USD,USDT,OKX margin,OKX,USDC,0.6,Stake USDC -> SYRUPUSDC (maple),Ethereum,USDC,1.293,0.916,130.37,0.0,2.982,5.251,98.6,0.893,1.456,0,0,11.5
USD,USDC,Aave v3 Ethereum,Ethereum,USDC,0.6,Gate Uni lending,Gate,USDT,1.591,0.912,160.42,3.581,4.672,1.57,0.5,0.421,1.286,0,0,12.13
USD,USDC,Kamino (Solana),Solana,USDT,0.64,Gate Uni lending,Gate,USDT,1.627,0.879,163.8,3.932,5.139,1.57,0.0,-0.259,1.389,0,0,1.05
USD,USDT,Aave v3 Ethereum,Ethereum,USDT,0.6,Stake DAI -> SDAI (sky-lending),Ethereum,DAI,1.121,0.801,112.85,3.174,4.357,1.263,0.0,0.599,1.285,0,0,18.72
USD,USDT,Kamino (Solana),Solana,USDC,0.64,Lend USDT on aave-v3,Ethereum,USDT,1.027,0.792,103.35,2.85,5.604,3.132,4.4,-1.071,1.368,0,0,20.44
USD,USDC,Aave v3 Base,Base,USDC,0.6,Stake DAI -> SDAI (sky-lending),Ethereum,DAI,1.152,0.752,115.92,3.547,4.996,1.263,0.0,0.562,1.281,0,0,14.0
USD,USDC,Aave v3 Base,Base,USDC,0.6,Gate Uni lending,Gate,USDT,1.428,0.667,143.74,3.547,4.996,1.57,0.5,0.7,1.281,0,0,4.88
USD,USDT,Aave v3 Ethereum,Ethereum,USDT,0.6,Gate Uni lending,Gate,USDT,1.347,0.667,135.68,3.174,4.357,1.57,0.5,0.328,1.285,0,0,14.6
USD,USDC,OKX margin,OKX,USDT,0.6,Stake USDT -> SYRUPUSDT (maple),Ethereum,USDT,1.104,0.665,111.15,0.0,2.879,4.751,100.0,0.585,1.457,0,0,5.5
USD,USDT,Kamino (Solana),Solana,USDC,0.64,Kamino (Solana),Solana,USDT,0.948,0.648,95.15,2.85,5.604,2.85,3.8,-2.001,1.368,0,0,10.04
USD,USDC,OKX margin,OKX,USDT,0.6,Bitfinex funding,Bitfinex,USDT,1.282,0.629,129.01,0.0,2.879,4.979,85.5,0.038,1.457,0,0,2.0
USD,USDT,Aave v3 Ethereum,Ethereum,USDC,0.6,Stake DAI -> SDAI (sky-lending),Ethereum,DAI,0.926,0.606,93.07,3.174,4.672,1.263,0.0,0.363,1.281,0,0,18.72
USD,USDC,Aave v3 Arbitrum,Arbitrum,USDC,0.6,Stake DAI -> SDAI (sky-lending),Ethereum,DAI,0.937,0.537,94.18,2.765,4.058,1.263,0.0,0.463,1.283,0,0,14.0
USD,USDT,Kamino (Solana),Solana,USDC,0.64,Lend USDS on sparklend,Ethereum,USDS,0.745,0.51,74.92,2.85,5.604,2.7,0.3,-0.525,1.368,0,0,20.42
USD,USDC,OKX margin,OKX,USDT,0.6,Bitfinex funding,Bitfinex,USD,1.161,0.508,116.89,0.0,2.879,4.982,94.2,0.553,1.457,0,0,14.31
USD,USDT,OKX margin,OKX,USDC,0.6,Stake USDT -> SYRUPUSDT (maple),Ethereum,USDT,0.945,0.506,95.13,0.0,2.982,4.751,97.0,0.561,1.456,0,0,15.19
USD,USDT,OKX margin,OKX,USDC,0.6,Bitfinex funding,Bitfinex,USDT,1.123,0.47,112.98,0.0,2.982,4.979,83.8,0.037,1.456,0,0,11.69
USD,USDC,Aave v3 Arbitrum,Arbitrum,USDC,0.6,Gate Uni lending,Gate,USDT,1.213,0.452,122.01,2.765,4.058,1.57,0.5,0.184,1.283,0,0,4.88
USD,USDT,Aave v3 Ethereum,Ethereum,USDC,0.6,Gate Uni lending,Gate,USDT,1.116,0.435,112.27,3.174,4.672,1.57,0.5,0.158,1.281,0,0,18.23
USD,USDC,OKX margin,OKX,USDT,0.6,morpho-blue GTUSDCP vault,Base,USDC,1.108,0.424,111.54,0.0,2.879,4.747,98.1,0.192,1.457,0,0,4.84
USD,USDT,OKX margin,OKX,USDC,0.6,Bitfinex funding,Bitfinex,USD,1.039,0.386,104.56,0.0,2.982,4.982,91.8,0.435,1.456,0,0,20.31
USD,USDT,OKX margin,OKX,USDC,0.6,morpho-blue GTUSDCP vault,Base,USDC,1.022,0.339,102.89,0.0,2.982,4.747,95.9,0.167,1.456,0,0,7.15
USD,USDT,Kamino (Solana),Solana,USDC,0.64,Lend USDE on aave-v3,Ethereum,USDE,0.516,0.281,51.79,2.85,5.604,2.347,3.8,-1.722,1.368,0,0,20.41
USD,USDC,OKX margin,OKX,USDT,0.6,morpho-blue SPARKUSDC vault,Base,USDC,0.963,0.28,96.96,0.0,2.879,4.515,97.3,0.113,1.457,0,0,4.83
USD,USDC,OKX margin,OKX,USDT,0.6,Kamino (Solana),Solana,USDC,0.605,0.227,60.65,0.0,2.879,3.932,73.7,-0.576,1.457,0,0,4.7
USD,USDT,OKX margin,OKX,USDC,0.6,morpho-blue SPARKUSDC vault,Base,USDC,0.878,0.194,88.31,0.0,2.982,4.515,93.4,0.088,1.456,0,0,7.15
USD,USDC,OKX margin,OKX,USDT,0.6,fluid-lending USDC vault,Ethereum,USDC,0.994,0.189,99.95,0.0,2.879,4.631,94.0,0.053,1.457,0,0,9.19
USD,USDC,OKX margin,OKX,USDT,0.6,Stake USDE -> SUSDE (ethena-usde),Ethereum,USDE,0.75,0.189,75.31,0.0,2.879,4.238,99.2,0.32,1.457,0,0,9.18
USD,USDC,OKX margin,OKX,USDT,0.6,Stake USDS -> SUSDS (sky-lending),Ethereum,USDS,0.525,0.183,52.67,0.0,2.879,3.876,98.1,0.063,1.457,0,0,9.17
USD,USDT,OKX margin,OKX,USDC,0.6,Kamino (Solana),Solana,USDC,0.519,0.141,51.99,0.0,2.982,3.932,71.0,-0.554,1.456,0,0,7.03
USD,USDT,OKX margin,OKX,USDC,0.6,fluid-lending USDC vault,Ethereum,USDC,0.909,0.103,91.3,0.0,2.982,4.631,94.2,0.051,1.456,0,0,11.5
USD,USDT,OKX margin,OKX,USDC,0.6,Stake USDE -> SUSDE (ethena-usde),Ethereum,USDE,0.627,0.066,62.97,0.0,2.982,4.238,95.6,0.296,1.456,0,0,15.18
USD,USDT,OKX margin,OKX,USDC,0.6,Stake USDS -> SUSDS (sky-lending),Ethereum,USDS,0.402,0.061,40.33,0.0,2.982,3.876,94.5,0.058,1.456,0,0,15.17
USD,USDC,OKX margin,OKX,USDT,0.6,fluid-lending USDT vault,Ethereum,USDT,0.846,0.041,85.0,0.0,2.879,4.334,91.5,-0.198,1.457,0,0,5.5
USD,USDT,Kamino (Solana),Solana,USDC,0.64,OKX Simple Earn,OKX,USDC,0.464,0.035,46.48,2.85,5.604,2.063,0.8,-0.998,1.368,0,0,7.14
USD,USDC,OKX margin,OKX,USDT,0.6,morpho-blue STEAKUSDC vault,Base,USDC,0.804,-0.001,80.93,0.0,2.879,4.259,86.3,-0.142,1.457,0,0,4.83
USD,USDC,OKX margin,OKX,USDT,0.6,Lend USDC on aave-v3,Ethereum,USDC,0.252,-0.065,25.27,0.0,2.879,3.435,67.1,-0.458,1.457,0,0,9.16
USD,USDT,Kamino (Solana),Solana,USDC,0.64,Gate Uni lending,Gate,USDC,0.679,-0.073,68.13,2.85,5.604,2.395,1.9,-0.988,1.368,0,0,7.14
USD,USDT,OKX margin,OKX,USDC,0.6,morpho-blue STEAKUSDC vault,Base,USDC,0.719,-0.087,72.27,0.0,2.982,4.259,83.0,-0.152,1.456,0,0,7.15
USD,USDT,OKX margin,OKX,USDC,0.6,fluid-lending USDT vault,Ethereum,USDT,0.687,-0.118,68.98,0.0,2.982,4.334,88.5,-0.222,1.456,0,0,15.18
USD,USDT,Kamino (Solana),Solana,USDC,0.64,OKX Simple Earn,OKX,USDT,0.299,-0.13,29.96,2.85,5.604,1.87,0.0,-1.455,1.368,0,0,11.01
USD,USDT,OKX margin,OKX,USDC,0.6,Lend USDC on aave-v3,Ethereum,USDC,0.166,-0.151,16.6,0.0,2.982,3.435,62.2,-0.459,1.456,0,0,11.5
USD,USDC,OKX margin,OKX,USDT,0.6,Lend USDT on aave-v3,Ethereum,USDT,0.101,-0.216,10.1,0.0,2.879,3.132,47.7,-0.755,1.457,0,0,5.5
USD,USDC,OKX margin,OKX,WETH,0.375,Stake WETH -> WBETH (binance-staked-eth),Ethereum,WETH,0.029,-0.346,2.95,0.0,1.876,2.509,96.7,-0.415,1.858,5,0,21.0
USD,USDC,OKX margin,OKX,WETH,0.375,Stake WETH -> WEETH (ether.fi-stake),Ethereum,WETH,0.01,-0.366,0.96,0.0,1.876,2.454,87.4,-0.433,1.858,5,0,21.0
USD,USDC,OKX margin,OKX,WETH,0.375,Stake WETH -> WSTETH (lido),Ethereum,WETH,0.005,-0.37,0.54,0.0,1.876,2.444,94.8,-0.432,1.858,5,0,21.0
USD,USDT,OKX margin,OKX,USDC,0.6,Lend USDT on aave-v3,Ethereum,USDT,-0.059,-0.376,-5.89,0.0,2.982,3.132,44.1,-0.78,1.456,0,0,15.16
USD,USDC,OKX margin,OKX,WETH,0.375,Stake WETH -> CBETH (coinbase-wrapped-staked-eth),Ethereum,WETH,0.043,-0.392,4.26,0.0,1.876,2.546,96.2,-0.371,1.858,5,0,21.0
USD,USDC,OKX margin,OKX,WETH,0.375,Stake WETH -> LSETH (liquid-collective),Ethereum,WETH,0.035,-0.399,3.48,0.0,1.876,2.531,85.8,-0.448,1.858,5,0,21.0
USD,USDT,OKX margin,OKX,WETH,0.375,Stake WETH -> WBETH (binance-staked-eth),Ethereum,WETH,-0.03,-0.406,-3.05,0.0,1.876,2.509,96.7,-0.415,1.858,5,0,27.0
USD,USDC,OKX margin,OKX,USDT,0.6,Kamino (Solana),Solana,USDT,-0.029,-0.407,-2.86,0.0,2.879,2.85,50.7,-1.765,1.457,0,0,1.03
USD,USDT,OKX margin,OKX,WETH,0.375,Stake WETH -> WEETH (ether.fi-stake),Ethereum,WETH,-0.05,-0.426,-5.04,0.0,1.876,2.454,87.4,-0.433,1.858,5,0,27.0
USD,USDT,OKX margin,OKX,WETH,0.375,Stake WETH -> WSTETH (lido),Ethereum,WETH,-0.055,-0.43,-5.46,0.0,1.876,2.444,94.8,-0.432,1.858,5,0,27.0
USD,USDC,OKX margin,OKX,WETH,0.375,Stake WETH -> ETHX (stader),Ethereum,WETH,0.013,-0.451,1.29,0.0,1.876,2.456,96.7,-0.456,1.858,5,0,21.0
USD,USDT,OKX margin,OKX,WETH,0.375,Stake WETH -> CBETH (coinbase-wrapped-staked-eth),Ethereum,WETH,-0.017,-0.452,-1.74,0.0,1.876,2.546,96.2,-0.371,1.858,5,0,27.0
USD,USDC,OKX margin,OKX,WETH,0.375,Stake WETH -> OSETH (stakewise-v3),Ethereum,WETH,-0.019,-0.453,-1.92,0.0,1.876,2.378,88.8,-0.552,1.858,5,0,21.0
USD,USDC,OKX margin,OKX,WETH,0.375,Stake WETH -> RSETH (kelp),Ethereum,WETH,0.023,-0.459,2.31,0.0,1.876,2.5,82.2,-0.511,1.858,5,0,21.0
USD,USDT,OKX margin,OKX,WETH,0.375,Stake WETH -> LSETH (liquid-collective),Ethereum,WETH,-0.025,-0.459,-2.52,0.0,1.876,2.531,85.8,-0.448,1.858,5,0,27.0
USD,USDC,OKX margin,OKX,SOL,0.375,Kamino (Solana),Solana,JITOSOL,0.04,-0.474,4.02,0.0,5.472,5.623,91.8,-0.942,1.78,6,0,4.41
USD,USDC,OKX margin,OKX,WETH,0.375,Stake WETH -> RETH (rocket-pool),Ethereum,WETH,-0.071,-0.477,-7.15,0.0,1.876,2.235,72.6,-0.515,1.858,5,0,21.0
USD,USDT,OKX margin,OKX,WETH,0.375,Stake WETH -> ETHX (stader),Ethereum,WETH,-0.047,-0.511,-4.71,0.0,1.876,2.456,96.7,-0.456,1.858,5,0,27.0
USD,USDT,OKX margin,OKX,WETH,0.375,Stake WETH -> OSETH (stakewise-v3),Ethereum,WETH,-0.079,-0.513,-7.92,0.0,1.876,2.378,88.8,-0.552,1.858,5,0,27.0
USD,USDC,OKX margin,OKX,SOL,0.375,Kamino (Solana),Solana,SOL,-0.089,-0.516,-8.93,0.0,5.472,5.122,47.1,-1.366,1.78,6,0,0.61
USD,USDT,OKX margin,OKX,WETH,0.375,Stake WETH -> RSETH (kelp),Ethereum,WETH,-0.037,-0.519,-3.69,0.0,1.876,2.5,82.2,-0.511,1.858,5,0,27.0
USD,USDC,OKX margin,OKX,USDT,0.6,Lend USDS on sparklend,Ethereum,USDS,-0.202,-0.519,-20.21,0.0,2.879,2.7,27.1,-0.773,1.457,0,0,9.15
USD,USDT,OKX margin,OKX,SOL,0.375,Kamino (Solana),Solana,JITOSOL,-0.02,-0.535,-1.98,0.0,5.472,5.623,91.8,-0.942,1.78,6,0,10.41
USD,USDT,OKX margin,OKX,WETH,0.375,Stake WETH -> RETH (rocket-pool),Ethereum,WETH,-0.131,-0.536,-13.15,0.0,1.876,2.235,72.6,-0.515,1.858,5,0,27.0
USD,USDT,Kamino (Solana),Solana,USDC,0.64,Stake DAI -> SDAI (sky-lending),Ethereum,DAI,-0.188,-0.553,-18.83,2.85,5.604,1.263,0.0,-1.657,1.368,0,0,20.37
USD,USDC,OKX margin,OKX,WETH,0.375,Stake WETH -> METH (meth-protocol),Ethereum,WETH,-0.132,-0.566,-13.16,0.0,1.876,2.073,63.0,-0.529,1.858,5,0,21.0
USD,USDT,OKX margin,OKX,USDC,0.6,Kamino (Solana),Solana,USDT,-0.189,-0.567,-18.84,0.0,2.982,2.85,46.6,-1.79,1.456,0,0,10.68
USD,USDT,OKX margin,OKX,SOL,0.375,Kamino (Solana),Solana,SOL,-0.15,-0.576,-14.93,0.0,5.472,5.122,47.1,-1.366,1.78,6,0,6.61
USD,USDT,OKX margin,OKX,WETH,0.375,Stake WETH -> METH (meth-protocol),Ethereum,WETH,-0.192,-0.626,-19.16,0.0,1.876,2.073,63.0,-0.529,1.858,5,0,27.0
USD,USDT,OKX margin,OKX,USDC,0.6,Lend USDS on sparklend,Ethereum,USDS,-0.325,-0.643,-32.55,0.0,2.982,2.7,27.7,-0.741,1.456,0,0,15.15
USD,USDT,Kamino (Solana),Solana,USDC,0.64,Gate Uni lending,Gate,USDT,0.105,-0.646,10.49,2.85,5.604,1.57,0.0,-1.763,1.368,0,0,11.01
USD,USDC,OKX margin,OKX,WETH,0.375,Lend WETH on aave-v3,Ethereum,WETH,-0.257,-0.647,-25.68,0.0,1.876,1.705,29.0,-0.756,1.858,5,0,21.0
USD,USDC,OKX margin,OKX,WETH,0.375,Lend WETH on sparklend,Ethereum,WETH,-0.312,-0.703,-31.22,0.0,1.876,1.568,31.8,-0.828,1.858,5,0,21.0
USD,USDT,OKX margin,OKX,WETH,0.375,Lend WETH on aave-v3,Ethereum,WETH,-0.317,-0.708,-31.68,0.0,1.876,1.705,29.0,-0.756,1.858,5,0,27.0
USD,USDC,OKX margin,OKX,WETH,0.375,Gate Uni lending,Gate,WETH,-0.043,-0.725,-4.28,0.0,1.876,2.02,75.1,-0.559,1.858,5,0,10.5
USD,USDC,OKX margin,OKX,USDT,0.6,Lend USDE on aave-v3,Ethereum,USDE,-0.42,-0.737,-41.91,0.0,2.879,2.347,33.7,-1.563,1.457,0,0,9.14
USD,USDT,OKX margin,OKX,WETH,0.375,Lend WETH on sparklend,Ethereum,WETH,-0.373,-0.763,-37.22,0.0,1.876,1.568,31.8,-0.828,1.858,5,0,27.0
USD,USDT,OKX margin,OKX,WETH,0.375,Gate Uni lending,Gate,WETH,-0.103,-0.785,-10.28,0.0,1.876,2.02,75.1,-0.559,1.858,5,0,16.5
USD,USDT,OKX margin,OKX,USDC,0.6,Lend USDE on aave-v3,Ethereum,USDE,-0.544,-0.861,-54.24,0.0,2.982,2.347,29.3,-1.571,1.456,0,0,15.14
USD,USDC,OKX margin,OKX,WETH,0.375,Bitfinex funding,Bitfinex,WETH,-0.3,-0.891,-29.94,0.0,1.876,1.378,14.0,-0.8,1.858,5,0,10.5
USD,USDT,OKX margin,OKX,WETH,0.375,Bitfinex funding,Bitfinex,WETH,-0.36,-0.951,-35.94,0.0,1.876,1.378,14.0,-0.8,1.858,5,0,16.5
USD,USDC,OKX margin,OKX,USDT,0.6,OKX Simple Earn,OKX,USDC,-0.54,-1.04,-53.81,0.0,2.879,2.063,10.7,-1.187,1.457,0,0,3.64
USD,USDC,OKX margin,OKX,BTC,0.375,Lend WBTC on aave-v3,Arbitrum,WBTC,-0.615,-1.077,-61.37,0.0,0.788,0.037,0.0,-1.578,2.002,6,0,33.28
USD,USDC,OKX margin,OKX,BTC,0.375,Lend CBBTC on aave-v3,Base,CBBTC,-0.616,-1.079,-61.52,0.0,0.788,0.033,0.0,-1.56,2.002,6,0,33.28
USD,USDC,OKX margin,OKX,SOL,0.375,Gate Uni lending,Gate,SOL,-0.436,-1.119,-43.53,0.0,5.472,4.268,4.7,-1.613,1.78,6,0,0.8
USD,USDT,OKX margin,OKX,BTC,0.375,Lend WBTC on aave-v3,Arbitrum,WBTC,-0.675,-1.137,-67.37,0.0,0.788,0.037,0.0,-1.578,2.002,6,0,39.28
USD,USDT,OKX margin,OKX,BTC,0.375,Lend CBBTC on aave-v3,Base,CBBTC,-0.676,-1.139,-67.52,0.0,0.788,0.033,0.0,-1.56,2.002,6,0,39.28
USD,USDC,OKX margin,OKX,USDT,0.6,Gate Uni lending,Gate,USDC,-0.356,-1.16,-35.53,0.0,2.879,2.395,13.4,-1.054,1.457,0,0,5.64
USD,USDC,OKX margin,OKX,BTC,0.375,Lend CBBTC on sparklend,Ethereum,CBBTC,-0.784,-1.173,-78.33,0.0,0.788,0.01,0.0,-1.937,2.002,6,0,49.23
USD,USDC,OKX margin,OKX,BTC,0.375,Lend WBTC on aave-v3,Ethereum,WBTC,-0.786,-1.174,-78.48,0.0,0.788,0.006,0.0,-1.936,2.002,6,0,49.23
USD,USDC,OKX margin,OKX,BTC,0.375,Lend TBTC on aave-v3,Ethereum,TBTC,-0.787,-1.175,-78.55,0.0,0.788,0.004,0.0,-1.937,2.002,6,0,49.23
USD,USDC,OKX margin,OKX,BTC,0.375,Lend CBBTC on aave-v3,Ethereum,CBBTC,-0.787,-1.175,-78.62,0.0,0.788,0.002,0.0,-1.937,2.002,6,0,49.23
USD,USDT,OKX margin,OKX,SOL,0.375,Gate Uni lending,Gate,SOL,-0.496,-1.179,-49.53,0.0,5.472,4.268,4.7,-1.613,1.78,6,0,6.8
USD,USDT,OKX margin,OKX,BTC,0.375,Lend CBBTC on sparklend,Ethereum,CBBTC,-0.845,-1.233,-84.33,0.0,0.788,0.01,0.0,-1.937,2.002,6,0,55.23
USD,USDT,OKX margin,OKX,BTC,0.375,Lend WBTC on aave-v3,Ethereum,WBTC,-0.846,-1.234,-84.48,0.0,0.788,0.006,0.0,-1.936,2.002,6,0,55.23
USD,USDT,OKX margin,OKX,BTC,0.375,Lend TBTC on aave-v3,Ethereum,TBTC,-0.847,-1.235,-84.55,0.0,0.788,0.004,0.0,-1.937,2.002,6,0,55.23
USD,USDT,OKX margin,OKX,BTC,0.375,Lend CBBTC on aave-v3,Ethereum,CBBTC,-0.847,-1.236,-84.62,0.0,0.788,0.002,0.0,-1.937,2.002,6,0,55.23
USD,USDT,OKX margin,OKX,USDC,0.6,Gate Uni lending,Gate,USDC,-0.443,-1.247,-44.22,0.0,2.982,2.395,12.1,-0.992,1.456,0,0,8.0
USD,USDT,OKX margin,OKX,USDC,0.6,OKX Simple Earn,OKX,USDT,-0.783,-1.283,-78.0,0.0,2.982,1.87,1.9,-1.139,1.456,0,0,9.63
USD,USDC,OKX margin,OKX,SOL,0.375,Bitfinex funding,Bitfinex,SOL,-0.692,-1.284,-69.05,0.0,5.472,3.605,4.1,-2.251,1.78,6,0,0.8
USD,USDT,OKX margin,OKX,SOL,0.375,Bitfinex funding,Bitfinex,SOL,-0.752,-1.344,-75.05,0.0,5.472,3.605,4.1,-2.251,1.78,6,0,6.8
USD,USDC,OKX margin,OKX,USDT,0.6,Stake DAI -> SDAI (sky-lending),Ethereum,DAI,-1.087,-1.526,-108.13,0.0,2.879,1.263,4.1,-1.483,1.457,0,0,9.12
USD,USDC,OKX margin,OKX,USDT,0.6,Gate Uni lending,Gate,USDT,-0.826,-1.63,-82.3,0.0,2.879,1.57,4.1,-1.4,1.457,0,0,2.0
USD,USDT,OKX margin,OKX,USDC,0.6,Stake DAI -> SDAI (sky-lending),Ethereum,DAI,-1.211,-1.65,-120.46,0.0,2.982,1.263,4.1,-1.508,1.456,0,0,15.12
USD,USDC,OKX margin,OKX,BTC,0.375,Bitfinex funding,Bitfinex,BTC,-0.695,-1.707,-69.37,0.0,0.788,0.003,0.0,-1.571,2.002,6,0,40.0
USD,USDC,OKX margin,OKX,BTC,0.375,Gate Uni lending,Gate,BTC,-0.631,-1.738,-63.06,0.0,0.788,0.173,0.0,-1.471,2.002,6,0,40.0
USD,USDT,OKX margin,OKX,BTC,0.375,Bitfinex funding,Bitfinex,BTC,-0.755,-1.767,-75.37,0.0,0.788,0.003,0.0,-1.571,2.002,6,0,46.0
USD,USDT,OKX margin,OKX,USDC,0.6,Gate Uni lending,Gate,USDT,-0.987,-1.791,-98.26,0.0,2.982,1.57,4.1,-1.425,1.456,0,0,11.63
USD,USDT,OKX margin,OKX,BTC,0.375,Gate Uni lending,Gate,BTC,-0.691,-1.798,-69.06,0.0,0.788,0.173,0.0,-1.471,2.002,6,0,46.0
ETH,,,,,0,Stake WETH -> WBETH (binance-staked-eth),Ethereum,WETH,2.471,2.311,139.69,0.0,0.0,2.509,100.0,2.221,,0,0,3.0
ETH,,,,,0,Stake WETH -> WEETH (ether.fi-stake),Ethereum,WETH,2.421,2.261,136.83,0.0,0.0,2.454,100.0,2.188,,0,0,3.0
ETH,,,,,0,Stake WETH -> WSTETH (lido),Ethereum,WETH,2.416,2.256,136.54,0.0,0.0,2.444,100.0,2.187,,0,0,3.0
ETH,,,,,0,Stake WETH -> LSETH (liquid-collective),Ethereum,WETH,2.52,2.2,142.53,0.0,0.0,2.531,100.0,1.964,,0,0,3.0
ETH,,,,,0,Stake WETH -> CBETH (coinbase-wrapped-staked-eth),Ethereum,WETH,2.514,2.194,142.11,0.0,0.0,2.546,100.0,2.349,,0,0,3.0
ETH,,,,,0,Stake WETH -> OSETH (stakewise-v3),Ethereum,WETH,2.344,2.024,132.39,0.0,0.0,2.378,100.0,1.96,,0,0,3.0
ETH,,,,,0,Stake WETH -> ETHX (stader),Ethereum,WETH,2.404,2.004,135.83,0.0,0.0,2.456,100.0,1.992,,0,0,3.0
ETH,,,,,0,Stake WETH -> RSETH (kelp),Ethereum,WETH,2.445,1.995,138.16,0.0,0.0,2.5,100.0,1.394,,0,0,3.0
ETH,,,,,0,Stake WETH -> RETH (rocket-pool),Ethereum,WETH,2.216,1.976,125.09,0.0,0.0,2.235,100.0,2.012,,0,0,3.0
ETH,,,,,0,Stake WETH -> METH (meth-protocol),Ethereum,WETH,2.055,1.735,115.96,0.0,0.0,2.073,100.0,1.423,,0,0,3.0
ETH,,,,,0,Lend WETH on aave-v3,Ethereum,WETH,1.633,1.433,91.95,0.0,0.0,1.705,100.0,1.161,,0,0,3.0
ETH,,,,,0,Lend WETH on sparklend,Ethereum,WETH,1.506,1.306,84.72,0.0,0.0,1.568,100.0,1.342,,0,0,3.0
ETH,,,,,0,OKX Simple Earn,OKX,WETH,1.581,1.081,89.12,0.0,0.0,1.426,100.0,0.419,,0,0,0.0
ETH,,,,,0,Gate Uni lending,Gate,WETH,2.0,1.0,112.74,0.0,0.0,2.02,100.0,1.76,,0,0,0.0
ETH,,,,,0,Bitfinex funding,Bitfinex,WETH,1.741,0.991,98.19,0.0,0.0,1.378,100.0,0.027,,0,0,0.0
ETH,,,,,0,hold,,,0.0,0.0,0.0,0.0,0.0,0.0,100.0,0.0,,0,0,0.0
ETH,WSTETH,Morpho WSTETH/USDT 86.0% (Ethereum),Ethereum,USDT,0.43,Stake USDC -> SYRUPUSDC (maple),Ethereum,USDC,2.642,2.24,150.16,2.444,3.713,5.251,91.0,1.544,1.541,5,0,33.99
ETH,WSTETH,Morpho WSTETH/WETH 94.5% (Ethereum),Ethereum,WETH,0.756,Stake WETH -> WBETH (binance-staked-eth),Ethereum,WETH,2.506,2.177,141.89,2.444,2.086,2.509,87.1,2.165,1.25,0,0,16.96
ETH,WSTETH,Morpho WSTETH/WETH 94.5% (Ethereum),Ethereum,WETH,0.756,Stake WETH -> WEETH (ether.fi-stake),Ethereum,WETH,2.469,2.139,139.73,2.444,2.086,2.454,80.3,2.089,1.25,0,0,16.96
ETH,WSTETH,Morpho WSTETH/WETH 94.5% (Ethereum),Ethereum,WETH,0.756,Stake WETH -> WSTETH (lido),Ethereum,WETH,2.465,2.135,139.51,2.444,2.086,2.444,83.3,2.013,1.25,0,0,16.96
ETH,WSTETH,Morpho WSTETH/WETH 94.5% (Ethereum),Ethereum,WETH,0.756,Stake WETH -> LSETH (liquid-collective),Ethereum,WETH,2.543,2.093,144.04,2.444,2.086,2.531,80.3,1.951,1.25,0,0,16.96
ETH,WSTETH,Morpho WSTETH/WETH 94.5% (Ethereum),Ethereum,WETH,0.756,Stake WETH -> CBETH (coinbase-wrapped-staked-eth),Ethereum,WETH,2.538,2.088,143.72,2.444,2.086,2.546,87.1,2.228,1.25,0,0,16.96
ETH,WSTETH,Morpho WSTETH/WETH 96.5% (Ethereum),Ethereum,WETH,0.772,Stake WETH -> WBETH (binance-staked-eth),Ethereum,WETH,2.402,2.074,135.94,2.444,2.212,2.509,83.6,2.0,1.25,0,0,16.96
ETH,WSTETH,Morpho WSTETH/WETH 96.5% (Ethereum),Ethereum,WETH,0.772,Stake WETH -> WEETH (ether.fi-stake),Ethereum,WETH,2.364,2.035,133.74,2.444,2.212,2.454,74.5,1.928,1.25,0,0,16.96
ETH,WSTETH,Morpho WSTETH/WETH 96.5% (Ethereum),Ethereum,WETH,0.772,Stake WETH -> WSTETH (lido),Ethereum,WETH,2.36,2.031,133.51,2.444,2.212,2.444,78.6,1.849,1.25,0,0,16.96
ETH,WSTETH,Morpho WSTETH/USDC 86.0% (Ethereum),Ethereum,USDC,0.43,Stake USDC -> SYRUPUSDC (maple),Ethereum,USDC,2.428,2.025,137.74,2.444,4.204,5.251,94.5,1.673,1.539,5,0,31.96
ETH,WSTETH,Morpho WSTETH/USDT 86.0% (Ethereum),Ethereum,USDT,0.43,Stake USDT -> SYRUPUSDT (maple),Ethereum,USDT,2.461,2.015,139.7,2.444,3.713,4.751,85.2,1.214,1.541,5,0,31.96
ETH,WSTETH,Morpho WSTETH/WETH 96.5% (Ethereum),Ethereum,WETH,0.772,Stake WETH -> LSETH (liquid-collective),Ethereum,WETH,2.441,1.988,138.14,2.444,2.212,2.531,74.0,1.901,1.25,0,0,16.96
ETH,WSTETH,Morpho WSTETH/WETH 96.5% (Ethereum),Ethereum,WETH,0.772,Stake WETH -> CBETH (coinbase-wrapped-staked-eth),Ethereum,WETH,2.435,1.983,137.81,2.444,2.212,2.546,82.5,2.09,1.25,0,0,16.96
ETH,WSTETH,Morpho WSTETH/USDT 86.0% (Ethereum),Ethereum,USDT,0.43,Bitfinex funding,Bitfinex,USDT,2.566,1.966,145.63,2.444,3.713,4.979,71.2,1.24,1.541,5,0,29.46
ETH,WSTETH,Morpho WSTETH/WETH 94.5% (Ethereum),Ethereum,WETH,0.756,Stake WETH -> OSETH (stakewise-v3),Ethereum,WETH,2.41,1.96,136.37,2.444,2.086,2.378,78.4,1.929,1.25,0,0,16.96
ETH,WSTETH,Aave v3 Ethereum,Ethereum,WETH,0.628,Stake WETH -> WBETH (binance-staked-eth),Ethereum,WETH,2.285,1.95,129.21,2.448,2.365,2.509,87.4,1.645,1.29,0,0,16.96
ETH,WSTETH,Morpho WSTETH/WETH 94.5% (Ethereum),Ethereum,WETH,0.756,Stake WETH -> ETHX (stader),Ethereum,WETH,2.455,1.945,138.97,2.444,2.086,2.456,81.6,1.997,1.25,0,0,16.96
ETH,WSTETH,Morpho WSTETH/WETH 94.5% (Ethereum),Ethereum,WETH,0.756,Stake WETH -> RSETH (kelp),Ethereum,WETH,2.486,1.938,140.73,2.444,2.086,2.5,80.8,1.543,1.25,0,0,16.96
ETH,WSTETH,Morpho WSTETH/WETH 94.5% (Ethereum),Ethereum,WETH,0.756,Stake WETH -> RETH (rocket-pool),Ethereum,WETH,2.313,1.923,130.85,2.444,2.086,2.235,72.9,1.975,1.25,0,0,16.96
ETH,WSTETH,Aave v3 Ethereum,Ethereum,WETH,0.628,Stake WETH -> WEETH (ether.fi-stake),Ethereum,WETH,2.253,1.919,127.42,2.448,2.365,2.454,76.4,1.453,1.29,0,0,16.96
ETH,WSTETH,Aave v3 Ethereum,Ethereum,WETH,0.628,Stake WETH -> WSTETH (lido),Ethereum,WETH,2.25,1.915,127.24,2.448,2.365,2.444,75.9,1.607,1.29,0,0,16.96
ETH,WSTETH,Aave v3 Ethereum,Ethereum,WETH,0.628,Stake WETH -> LSETH (liquid-collective),Ethereum,WETH,2.316,1.881,131.0,2.448,2.365,2.531,74.8,1.26,1.29,0,0,16.96
ETH,WSTETH,Aave v3 Ethereum,Ethereum,WETH,0.628,Stake WETH -> CBETH (coinbase-wrapped-staked-eth),Ethereum,WETH,2.311,1.876,130.73,2.448,2.365,2.546,86.8,1.647,1.29,0,0,16.96
ETH,WSTETH,Aave v3 Base,Base,WETH,0.6,Stake WETH -> WBETH (binance-staked-eth),Ethereum,WETH,2.287,1.871,129.36,2.451,2.334,2.509,80.0,2.033,1.317,0,0,17.57
ETH,WSTETH,Aave v3 Ethereum,Ethereum,USDT,0.393,Stake USDC -> SYRUPUSDC (maple),Ethereum,USDC,2.262,1.862,128.17,2.448,4.357,5.251,94.5,1.773,1.586,5,0,33.81
ETH,WSTETH,Aave v3 Arbitrum,Arbitrum,USDC,0.375,Bitfinex funding,Bitfinex,USDT,2.548,1.855,144.27,2.445,4.058,4.979,65.2,1.703,1.62,5,0,15.28
ETH,WSTETH,Morpho WSTETH/WETH 96.5% (Ethereum),Ethereum,WETH,0.772,Stake WETH -> OSETH (stakewise-v3),Ethereum,WETH,2.304,1.852,130.31,2.444,2.212,2.378,72.3,1.916,1.25,0,0,16.96
ETH,WSTETH,Morpho WSTETH/USDT 86.0% (Ethereum),Ethereum,USDT,0.43,Bitfinex funding,Bitfinex,USD,2.45,1.85,139.01,2.444,3.713,4.982,77.8,1.293,1.541,5,0,36.23
ETH,WSTETH,Aave v3 Arbitrum,Arbitrum,WETH,0.6,Stake WETH -> WBETH (binance-staked-eth),Ethereum,WETH,2.259,1.843,127.75,2.445,2.344,2.509,72.1,2.281,1.317,0,0,17.57
ETH,WSTETH,Aave v3 Base,Base,WETH,0.6,Stake WETH -> WEETH (ether.fi-stake),Ethereum,WETH,2.257,1.841,127.64,2.451,2.334,2.454,65.5,2.087,1.317,0,0,17.57
ETH,WSTETH,Aave v3 Base,Base,WETH,0.6,Stake WETH -> WSTETH (lido),Ethereum,WETH,2.254,1.838,127.47,2.451,2.334,2.444,62.5,2.008,1.317,0,0,17.57
ETH,WSTETH,Morpho WSTETH/WETH 96.5% (Ethereum),Ethereum,WETH,0.772,Stake WETH -> ETHX (stader),Ethereum,WETH,2.35,1.836,132.97,2.444,2.212,2.456,74.8,1.834,1.25,0,0,16.96
ETH,WSTETH,Morpho WSTETH/WETH 96.5% (Ethereum),Ethereum,WETH,0.772,Stake WETH -> RSETH (kelp),Ethereum,WETH,2.382,1.829,134.76,2.444,2.212,2.5,78.4,1.464,1.25,0,0,16.96
ETH,WSTETH,Morpho WSTETH/WETH 96.5% (Ethereum),Ethereum,WETH,0.772,Stake WETH -> RETH (rocket-pool),Ethereum,WETH,2.205,1.815,124.67,2.444,2.212,2.235,64.7,1.802,1.25,0,0,16.96
ETH,WSTETH,Aave v3 Arbitrum,Arbitrum,WETH,0.6,Stake WETH -> WEETH (ether.fi-stake),Ethereum,WETH,2.229,1.813,126.03,2.445,2.344,2.454,68.8,2.132,1.317,0,0,17.57
ETH,WSTETH,Aave v3 Arbitrum,Arbitrum,WETH,0.6,Stake WETH -> WSTETH (lido),Ethereum,WETH,2.226,1.81,125.86,2.445,2.344,2.444,66.3,2.153,1.317,0,0,17.57
ETH,WSTETH,Aave v3 Base,Base,WETH,0.6,Stake WETH -> LSETH (liquid-collective),Ethereum,WETH,2.317,1.805,131.06,2.451,2.334,2.531,64.1,2.035,1.317,0,0,17.57
ETH,WSTETH,Aave v3 Base,Base,WETH,0.6,Stake WETH -> CBETH (coinbase-wrapped-staked-eth),Ethereum,WETH,2.312,1.801,130.81,2.451,2.334,2.546,81.4,2.099,1.317,0,0,17.57
ETH,WSTETH,Aave v3 Arbitrum,Arbitrum,USDC,0.375,Stake USDC -> SYRUPUSDC (maple),Ethereum,USDC,2.317,1.796,131.34,2.445,4.058,5.251,95.9,1.7,1.62,5,0,36.11
ETH,WSTETH,Aave v3 Arbitrum,Arbitrum,USDC,0.375,Bitfinex funding,Bitfinex,USD,2.478,1.785,140.29,2.445,4.058,4.982,71.2,1.819,1.62,5,0,19.4
ETH,WSTETH,Aave v3 Ethereum,Ethereum,USDC,0.393,Stake USDC -> SYRUPUSDC (maple),Ethereum,USDC,2.183,1.784,123.66,2.448,4.672,5.251,90.7,1.623,1.585,5,0,31.96
ETH,WSTETH,Aave v3 Arbitrum,Arbitrum,WETH,0.6,Stake WETH -> LSETH (liquid-collective),Ethereum,WETH,2.289,1.777,129.45,2.445,2.344,2.531,69.9,1.961,1.317,0,0,17.57
ETH,WSTETH,Aave v3 Arbitrum,Arbitrum,WETH,0.6,Stake WETH -> CBETH (coinbase-wrapped-staked-eth),Ethereum,WETH,2.285,1.773,129.2,2.445,2.344,2.546,74.5,2.236,1.317,0,0,17.57
ETH,WSTETH,Aave v3 Ethereum,Ethereum,WETH,0.628,Stake WETH -> OSETH (stakewise-v3),Ethereum,WETH,2.205,1.769,124.63,2.448,2.365,2.378,73.2,1.276,1.29,0,0,16.96
ETH,WSTETH,Aave v3 Ethereum,Ethereum,WETH,0.628,Stake WETH -> ETHX (stader),Ethereum,WETH,2.242,1.757,126.79,2.448,2.365,2.456,73.7,1.544,1.29,0,0,16.96
ETH,WSTETH,Morpho WSTETH/USDT 86.0% (Ethereum),Ethereum,USDT,0.43,morpho-blue GTUSDCP vault,Base,USDC,2.375,1.753,134.79,2.444,3.713,4.747,85.5,1.4,1.541,5,0,37.06
ETH,WSTETH,Aave v3 Ethereum,Ethereum,WETH,0.628,Stake WETH -> RSETH (kelp),Ethereum,WETH,2.268,1.751,128.25,2.448,2.365,2.5,81.6,0.943,1.29,0,0,16.96
ETH,WSTETH,Morpho WSTETH/WETH 94.5% (Ethereum),Ethereum,WETH,0.756,Stake WETH -> METH (meth-protocol),Ethereum,WETH,2.192,1.742,123.95,2.444,2.086,2.073,43.8,1.668,1.25,0,0,16.96
ETH,WSTETH,Aave v3 Ethereum,Ethereum,WETH,0.628,Stake WETH -> RETH (rocket-pool),Ethereum,WETH,2.124,1.739,120.04,2.448,2.365,2.235,51.2,1.334,1.29,0,0,16.96
ETH,WSTETH,Morpho WSTETH/USDC 86.0% (Ethereum),Ethereum,USDC,0.43,Stake USDT -> SYRUPUSDT (maple),Ethereum,USDT,2.175,1.728,123.26,2.444,4.204,4.751,72.6,1.392,1.539,5,0,33.98
ETH,WSTETH,Aave v3 Arbitrum,Arbitrum,USDC,0.375,morpho-blue GTUSDCP vault,Base,USDC,2.438,1.726,138.07,2.445,4.058,4.747,88.2,1.967,1.62,5,0,18.7
ETH,WSTETH,Aave v3 Base,Base,WETH,0.6,Stake WETH -> OSETH (stakewise-v3),Ethereum,WETH,2.21,1.698,124.98,2.451,2.334,2.378,62.2,2.05,1.317,0,0,17.57
ETH,WSTETH,Aave v3 Base,Base,WETH,0.6,Stake WETH -> ETHX (stader),Ethereum,WETH,2.246,1.687,127.05,2.451,2.334,2.456,63.8,2.034,1.317,0,0,17.57
ETH,WSTETH,Aave v3 Base,Base,WETH,0.6,Stake WETH -> RSETH (kelp),Ethereum,WETH,2.271,1.681,128.44,2.451,2.334,2.5,76.4,1.761,1.317,0,0,17.57
ETH,WSTETH,Morpho WSTETH/USDC 86.0% (Ethereum),Ethereum,USDC,0.43,Bitfinex funding,Bitfinex,USDT,2.28,1.68,129.16,2.444,4.204,4.979,61.6,1.285,1.539,5,0,31.49
ETH,WSTETH,Aave v3 Arbitrum,Arbitrum,WETH,0.6,Stake WETH -> OSETH (stakewise-v3),Ethereum,WETH,2.183,1.671,123.37,2.445,2.344,2.378,64.1,1.944,1.317,0,0,17.57
ETH,WSTETH,Aave v3 Base,Base,WETH,0.6,Stake WETH -> RETH (rocket-pool),Ethereum,WETH,2.134,1.67,120.6,2.451,2.334,2.235,38.1,1.981,1.317,0,0,17.57
ETH,WSTETH,Morpho WSTETH/USDT 86.0% (Ethereum),Ethereum,USDT,0.43,morpho-blue SPARKUSDC vault,Base,USDC,2.282,1.66,129.52,2.444,3.713,4.515,78.1,1.212,1.541,5,0,37.06
ETH,WSTETH,Aave v3 Arbitrum,Arbitrum,WETH,0.6,Stake WETH -> ETHX (stader),Ethereum,WETH,2.219,1.659,125.44,2.445,2.344,2.456,64.4,2.217,1.317,0,0,17.57
ETH,WSTETH,Aave v3 Ethereum,Ethereum,USDT,0.393,Stake USDT -> SYRUPUSDT (maple),Ethereum,USDT,2.097,1.657,118.68,2.448,4.357,4.751,86.8,1.575,1.586,5,0,31.96
ETH,WSTETH,Aave v3 Ethereum,Ethereum,CBBTC,0.393,Lend CBBTC on sparklend,Ethereum,CBBTC,2.017,1.656,113.92,2.448,0.288,0.01,0.0,1.505,1.688,1,0,19.96
ETH,WSTETH,Aave v3 Arbitrum,Arbitrum,WETH,0.6,Stake WETH -> RSETH (kelp),Ethereum,WETH,2.243,1.653,126.83,2.445,2.344,2.5,72.9,1.716,1.317,0,0,17.57
ETH,WSTETH,Aave v3 Arbitrum,Arbitrum,USDC,0.375,morpho-blue SPARKUSDC vault,Base,USDC,2.358,1.646,133.49,2.445,4.058,4.515,79.5,1.82,1.62,5,0,18.7
ETH,WSTETH,Aave v3 Arbitrum,Arbitrum,WETH,0.6,Stake WETH -> RETH (rocket-pool),Ethereum,WETH,2.106,1.642,118.99,2.445,2.344,2.235,41.6,2.009,1.317,0,0,17.57
ETH,WSTETH,Morpho WSTETH/WETH 96.5% (Ethereum),Ethereum,WETH,0.772,Stake WETH -> METH (meth-protocol),Ethereum,WETH,2.082,1.629,117.62,2.444,2.212,2.073,38.4,1.488,1.25,0,0,16.96
ETH,WSTETH,Aave v3 Ethereum,Ethereum,USDT,0.393,Bitfinex funding,Bitfinex,USDT,2.196,1.617,124.26,2.448,4.357,4.979,61.1,1.312,1.586,5,0,29.46
ETH,WSTETH,Morpho WSTETH/USDT 86.0% (Ethereum),Ethereum,USDT,0.43,Stake USDS -> SUSDS (sky-lending),Ethereum,USDS,1.983,1.606,112.23,2.444,3.713,3.876,69.3,0.942,1.541,5,0,33.98
ETH,WSTETH,Morpho WSTETH/USDT 86.0% (Ethereum),Ethereum,USDT,0.43,Stake USDE -> SUSDE (ethena-usde),Ethereum,USDE,2.135,1.6,120.86,2.444,3.713,4.238,74.5,1.068,1.541,5,0,33.98
ETH,WSTETH,Morpho WSTETH/USDC 86.0% (Ethereum),Ethereum,USDC,0.43,Bitfinex funding,Bitfinex,USD,2.199,1.599,124.59,2.444,4.204,4.982,66.8,1.377,1.539,5,0,36.22
ETH,WSTETH,Aave v3 Ethereum,Ethereum,WETH,0.628,Stake WETH -> METH (meth-protocol),Ethereum,WETH,2.024,1.588,114.31,2.448,2.365,2.073,35.6,1.122,1.29,0,0,16.96
ETH,WSTETH,Morpho WSTETH/USDT 86.0% (Ethereum),Ethereum,USDT,0.43,fluid-lending USDC vault,Ethereum,USDC,2.283,1.574,129.34,2.444,3.713,4.631,77.3,1.681,1.541,5,0,33.99
ETH,WSTETH,Aave v3 Ethereum,Ethereum,CBBTC,0.393,Lend CBBTC on aave-v3,Base,CBBTC,1.988,1.549,112.34,2.448,0.288,0.033,0.0,1.579,1.688,1,0,22.17
ETH,WSTETH,Aave v3 Ethereum,Ethereum,CBBTC,0.393,Lend WBTC on aave-v3,Ethereum,WBTC,1.908,1.548,107.77,2.448,0.288,0.006,0.0,1.495,1.688,1,0,26.04
ETH,WSTETH,Aave v3 Ethereum,Ethereum,CBBTC,0.393,Lend TBTC on aave-v3,Ethereum,TBTC,1.907,1.547,107.75,2.448,0.288,0.004,0.0,1.496,1.688,1,0,26.04
ETH,WSTETH,Morpho WSTETH/USDC 86.0% (Ethereum),Ethereum,USDC,0.43,morpho-blue GTUSDCP vault,Base,USDC,2.16,1.538,122.42,2.444,4.204,4.747,66.8,1.14,1.539,5,0,35.03
ETH,WSTETH,Aave v3 Arbitrum,Arbitrum,USDC,0.375,Stake USDT -> SYRUPUSDT (maple),Ethereum,USDT,2.097,1.537,118.73,2.445,4.058,4.751,92.6,1.43,1.62,5,0,37.87
ETH,WSTETH,Aave v3 Ethereum,Ethereum,WBTC,0.393,Lend CBBTC on sparklend,Ethereum,CBBTC,1.886,1.526,106.54,2.448,0.343,0.01,0.0,1.5,1.687,1,0,26.04
ETH,WSTETH,Aave v3 Base,Base,WETH,0.6,Stake WETH -> METH (meth-protocol),Ethereum,WETH,2.038,1.525,115.13,2.451,2.334,2.073,32.6,1.732,1.317,0,0,17.57
ETH,WSTETH,Aave v3 Ethereum,Ethereum,WBTC,0.393,Lend WBTC on aave-v3,Arbitrum,WBTC,1.964,1.525,110.96,2.448,0.343,0.037,0.0,1.573,1.687,1,0,22.17
ETH,WSTETH,Aave v3 Ethereum,Ethereum,WBTC,0.393,Lend TBTC on aave-v3,Ethereum,TBTC,1.884,1.524,106.45,2.448,0.343,0.004,0.0,1.491,1.687,1,0,26.04
ETH,WSTETH,Aave v3 Ethereum,Ethereum,WBTC,0.393,Lend CBBTC on aave-v3,Ethereum,CBBTC,1.883,1.523,106.39,2.448,0.343,0.002,0.0,1.489,1.687,1,0,26.04
ETH,WSTETH,Morpho WSTETH/WETH 94.5% (Ethereum),Ethereum,WETH,0.756,Lend WETH on aave-v3,Ethereum,WETH,1.874,1.514,105.8,2.444,2.086,1.705,7.4,1.75,1.25,0,0,16.96
ETH,WSTETH,Aave v3 Ethereum,Ethereum,USDC,0.393,Stake USDT -> SYRUPUSDT (maple),Ethereum,USDT,1.953,1.514,110.48,2.448,4.672,4.751,62.2,1.371,1.585,5,0,33.8
ETH,WSTETH,Aave v3 Ethereum,Ethereum,USDT,0.393,Bitfinex funding,Bitfinex,USD,2.089,1.511,118.24,2.448,4.357,4.982,67.4,1.414,1.586,5,0,35.62
ETH,WSTETH,Aave v3 Arbitrum,Arbitrum,USDC,0.375,Kamino (Solana),Solana,USDC,2.033,1.51,114.7,2.445,4.058,3.932,45.5,1.645,1.62,5,0,18.22
ETH,WSTETH,Aave v3 Base,Base,USDC,0.375,morpho-blue GTUSDCP vault,Base,USDC,2.22,1.508,125.42,2.451,4.996,4.747,32.1,1.843,1.615,5,0,8.76
ETH,WSTETH,Morpho WSTETH/USDT 86.0% (Ethereum),Ethereum,USDT,0.43,Kamino (Solana),Solana,USDC,1.909,1.506,107.9,2.444,3.713,3.932,61.1,1.449,1.541,5,0,36.57
ETH,WSTETH,Aave v3 Arbitrum,Arbitrum,WETH,0.6,Stake WETH -> METH (meth-protocol),Ethereum,WETH,2.01,1.498,113.52,2.445,2.344,2.073,34.5,1.837,1.317,0,0,17.57
ETH,WSTETH,Aave v3 Arbitrum,Arbitrum,USDC,0.375,morpho-blue STEAKUSDC vault,Base,USDC,2.276,1.488,128.87,2.445,4.058,4.259,55.6,1.73,1.62,5,0,18.7
ETH,WSTETH,Morpho WSTETH/USDT 86.0% (Ethereum),Ethereum,USDT,0.43,morpho-blue STEAKUSDC vault,Base,USDC,2.189,1.479,124.18,2.444,3.713,4.259,65.5,0.956,1.541,5,0,37.06
ETH,WSTETH,Morpho WSTETH/USDT 86.0% (Ethereum),Ethereum,USDT,0.43,fluid-lending USDT vault,Ethereum,USDT,2.184,1.475,123.62,2.444,3.713,4.334,75.3,1.119,1.541,5,0,31.96
ETH,WSTETH,Aave v3 Ethereum,Ethereum,USDC,0.393,Bitfinex funding,Bitfinex,USDT,2.052,1.473,116.05,2.448,4.672,4.979,54.5,1.242,1.585,5,0,31.31
ETH,WSTETH,Aave v3 Base,Base,USDC,0.375,Bitfinex funding,Bitfinex,USDT,2.154,1.461,121.63,2.451,4.996,4.979,46.3,1.607,1.615,5,0,15.27
ETH,WETH,Aave v3 Ethereum,Ethereum,WETH,0.644,Stake WETH -> WBETH (binance-staked-eth),Ethereum,WETH,1.634,1.46,92.07,1.701,2.365,2.509,87.4,1.535,1.28,0,0,9.0
ETH,WSTETH,Morpho WSTETH/USDC 86.0% (Ethereum),Ethereum,USDC,0.43,morpho-blue SPARKUSDC vault,Base,USDC,2.068,1.446,117.16,2.444,4.204,4.515,53.2,0.953,1.539,5,0,35.03
ETH,WSTETH,Aave v3 Ethereum,Ethereum,CBBTC,0.393,Lend WBTC on aave-v3,Arbitrum,WBTC,1.879,1.44,106.18,2.448,0.288,0.037,0.0,1.578,1.688,1,0,28.25
ETH,WSTETH,Aave v3 Base,Base,USDC,0.375,morpho-blue SPARKUSDC vault,Base,USDC,2.141,1.429,120.88,2.451,4.996,4.515,16.4,1.791,1.615,5,0,8.76
ETH,WETH,Aave v3 Ethereum,Ethereum,WETH,0.644,Stake WETH -> WEETH (ether.fi-stake),Ethereum,WETH,1.602,1.428,90.23,1.701,2.365,2.454,76.4,1.498,1.28,0,0,9.0
ETH,WETH,Aave v3 Ethereum,Ethereum,WETH,0.644,Stake WETH -> WSTETH (lido),Ethereum,WETH,1.599,1.424,90.05,1.701,2.365,2.444,75.9,1.484,1.28,0,0,9.0
ETH,WSTETH,Aave v3 Ethereum,Ethereum,WBTC,0.393,Lend CBBTC on aave-v3,Base,CBBTC,1.858,1.419,104.96,2.448,0.343,0.033,0.0,1.573,1.687,1,0,28.25
ETH,WSTETH,Morpho WSTETH/USDT 86.0% (Ethereum),Ethereum,USDT,0.43,Lend USDC on aave-v3,Ethereum,USDC,1.779,1.419,100.51,2.444,3.713,3.435,41.1,0.722,1.541,5,0,33.98
ETH,WSTETH,Aave v3 Ethereum,Ethereum,USDT,0.393,morpho-blue GTUSDCP vault,Base,USDC,2.017,1.419,114.2,2.448,4.357,4.747,77.5,1.307,1.586,5,0,36.62
ETH,WSTETH,Morpho WSTETH/WETH 94.5% (Ethereum),Ethereum,WETH,0.756,Lend WETH on sparklend,Ethereum,WETH,1.778,1.418,100.33,2.444,2.086,1.568,6.8,1.459,1.25,0,0,16.96
ETH,WSTETH,Aave v3 Base,Base,USDC,0.375,Stake USDC -> SYRUPUSDC (maple),Ethereum,USDC,1.922,1.4,108.67,2.451,4.996,5.251,73.2,1.192,1.615,5,0,36.11
ETH,WSTETH,Aave v3 Ethereum,Ethereum,USDC,0.393,Bitfinex funding,Bitfinex,USD,1.978,1.399,111.88,2.448,4.672,4.982,57.8,1.382,1.585,5,0,35.61
ETH,WSTETH,Morpho WSTETH/WETH 96.5% (Ethereum),Ethereum,WETH,0.772,Lend WETH on aave-v3,Ethereum,WETH,1.757,1.396,99.09,2.444,2.212,1.705,5.8,1.565,1.25,0,0,16.96
ETH,WSTETH,Aave v3 Base,Base,USDC,0.375,Bitfinex funding,Bitfinex,USD,2.084,1.391,117.66,2.451,4.996,4.982,46.0,1.873,1.615,5,0,19.38
ETH,WETH,Aave v3 Ethereum,Ethereum,WETH,0.644,Stake WETH -> LSETH (liquid-collective),Ethereum,WETH,1.666,1.389,93.9,1.701,2.365,2.531,74.8,1.478,1.28,0,0,9.0
ETH,WETH,Aave v3 Ethereum,Ethereum,WETH,0.644,Stake WETH -> CBETH (coinbase-wrapped-staked-eth),Ethereum,WETH,1.662,1.384,93.63,1.701,2.365,2.546,86.8,1.517,1.28,0,0,9.0
ETH,WETH,Aave v3 Ethereum,Ethereum,USDT,0.403,Stake USDC -> SYRUPUSDC (maple),Ethereum,USDC,1.618,1.377,91.34,1.701,4.357,5.251,94.5,1.088,1.581,5,0,25.89
ETH,WSTETH,Morpho WSTETH/USDC 86.0% (Ethereum),Ethereum,USDC,0.43,fluid-lending USDC vault,Ethereum,USDC,2.067,1.359,116.94,2.444,4.204,4.631,60.8,1.379,1.539,5,0,31.96
ETH,WETH,Aave v3 Base,Base,WETH,0.64,Stake WETH -> WBETH (binance-staked-eth),Ethereum,WETH,1.601,1.356,90.21,1.656,2.334,2.509,80.0,1.545,1.288,0,0,9.81
ETH,WSTETH,Morpho WSTETH/USDC 86.0% (Ethereum),Ethereum,USDC,0.43,Stake USDS -> SUSDS (sky-lending),Ethereum,USDS,1.732,1.355,97.88,2.444,4.204,3.876,34.2,1.11,1.539,5,0,33.98
ETH,WSTETH,Morpho WSTETH/USDC 86.0% (Ethereum),Ethereum,USDC,0.43,Stake USDE -> SUSDE (ethena-usde),Ethereum,USDE,1.884,1.35,106.48,2.444,4.204,4.238,56.4,1.26,1.539,5,0,33.98
ETH,WSTETH,Aave v3 Base,Base,WETH,0.6,Lend WETH on aave-v3,Ethereum,WETH,1.785,1.344,100.73,2.451,2.334,1.705,6.6,1.553,1.317,0,0,17.57
ETH,WSTETH,Aave v3 Ethereum,Ethereum,USDC,0.393,morpho-blue GTUSDCP vault,Base,USDC,1.939,1.34,109.7,2.448,4.672,4.747,61.4,1.113,1.585,5,0,34.77
ETH,WSTETH,Morpho WSTETH/USDT 86.0% (Ethereum),Ethereum,USDT,0.43,Lend USDT on aave-v3,Ethereum,USDT,1.697,1.337,95.86,2.444,3.713,3.132,25.5,0.353,1.541,5,0,31.96
ETH,WSTETH,Aave v3 Ethereum,Ethereum,USDT,0.393,morpho-blue SPARKUSDC vault,Base,USDC,1.934,1.335,109.42,2.448,4.357,4.515,67.9,1.138,1.586,5,0,36.62
ETH,WETH,Aave v3 Base,Base,WETH,0.64,Stake WETH -> WEETH (ether.fi-stake),Ethereum,WETH,1.569,1.323,88.39,1.656,2.334,2.454,65.5,1.508,1.288,0,0,9.81
ETH,WETH,Aave v3 Base,Base,WETH,0.64,Stake WETH -> WSTETH (lido),Ethereum,WETH,1.566,1.32,88.2,1.656,2.334,2.444,62.5,1.474,1.288,0,0,9.81
ETH,WSTETH,Aave v3 Ethereum,Ethereum,WETH,0.628,Lend WETH on sparklend,Ethereum,WETH,1.679,1.319,94.69,2.448,2.365,1.568,0.5,1.17,1.29,0,0,16.96
ETH,WSTETH,Aave v3 Base,Base,CBBTC,0.375,Lend CBBTC on sparklend,Ethereum,CBBTC,1.803,1.318,101.76,2.451,0.825,0.01,0.0,0.96,1.719,1,0,20.63
ETH,WSTETH,Aave v3 Arbitrum,Arbitrum,WBTC,0.375,Lend WBTC on aave-v3,Ethereum,WBTC,1.802,1.318,101.73,2.445,0.86,0.006,0.0,0.956,1.721,1,0,20.63
ETH,WSTETH,Aave v3 Arbitrum,Arbitrum,WETH,0.6,Lend WETH on aave-v3,Ethereum,WETH,1.757,1.317,99.12,2.445,2.344,1.705,9.0,1.792,1.317,0,0,17.57
ETH,WSTETH,Aave v3 Base,Base,CBBTC,0.375,Lend CBBTC on aave-v3,Ethereum,CBBTC,1.801,1.316,101.61,2.451,0.825,0.002,0.0,0.949,1.719,1,0,20.63
ETH,WSTETH,Morpho WSTETH/WETH 96.5% (Ethereum),Ethereum,WETH,0.772,Lend WETH on sparklend,Ethereum,WETH,1.658,1.298,93.51,2.444,2.212,1.568,4.1,1.283,1.25,0,0,16.96
ETH,WETH,Aave v3 Ethereum,Ethereum,USDC,0.403,Stake USDC -> SYRUPUSDC (maple),Ethereum,USDC,1.537,1.296,86.73,1.701,4.672,5.251,90.7,0.725,1.58,5,0,24.0
ETH,WSTETH,Morpho WSTETH/USDC 86.0% (Ethereum),Ethereum,USDC,0.43,Kamino (Solana),Solana,USDC,1.693,1.289,95.54,2.444,4.204,3.932,35.3,1.165,1.539,5,0,34.54
ETH,WETH,Aave v3 Base,Base,WETH,0.64,Stake WETH -> LSETH (liquid-collective),Ethereum,WETH,1.633,1.285,92.03,1.656,2.334,2.531,64.1,1.49,1.288,0,0,9.81
ETH,WSTETH,Aave v3 Ethereum,Ethereum,USDT,0.393,Stake USDS -> SUSDS (sky-lending),Ethereum,USDS,1.66,1.284,93.7,2.448,4.357,3.876,37.0,1.247,1.586,5,0,33.8
ETH,WETH,Aave v3 Base,Base,WETH,0.64,Stake WETH -> CBETH (coinbase-wrapped-staked-eth),Ethereum,WETH,1.629,1.28,91.76,1.656,2.334,2.546,81.4,1.534,1.288,0,0,9.81
ETH,WSTETH,Aave v3 Arbitrum,Arbitrum,WBTC,0.375,Lend CBBTC on aave-v3,Base,CBBTC,1.84,1.28,103.85,2.445,0.86,0.033,0.0,1.745,1.721,1,0,19.19
ETH,WSTETH,Aave v3 Ethereum,Ethereum,USDT,0.393,Stake USDE -> SUSDE (ethena-usde),Ethereum,USDE,1.798,1.279,101.53,2.448,4.357,4.238,68.2,1.307,1.586,5,0,33.8
ETH,WSTETH,Aave v3 Base,Base,CBBTC,0.375,Lend WBTC on aave-v3,Arbitrum,WBTC,1.838,1.278,103.74,2.451,0.825,0.037,0.0,1.737,1.719,1,0,19.19
ETH,WETH,Aave v3 Ethereum,Ethereum,WETH,0.644,Stake WETH -> OSETH (stakewise-v3),Ethereum,WETH,1.551,1.274,87.37,1.701,2.365,2.378,73.2,1.478,1.28,0,0,9.0
ETH,WETH,Aave v3 Arbitrum,Arbitrum,USDC,0.4,Bitfinex funding,Bitfinex,USDT,1.816,1.274,102.46,1.53,4.058,4.979,65.2,0.629,1.612,5,0,7.43
ETH,WSTETH,Aave v3 Base,Base,USDC,0.375,morpho-blue STEAKUSDC vault,Base,USDC,2.06,1.272,116.3,2.451,4.996,4.259,12.1,1.679,1.615,5,0,8.76
ETH,WSTETH,Aave v3 Base,Base,WETH,0.6,Lend WETH on sparklend,Ethereum,WETH,1.709,1.268,96.39,2.451,2.334,1.568,1.6,1.624,1.317,0,0,17.56
ETH,WSTETH,Morpho WSTETH/USDC 86.0% (Ethereum),Ethereum,USDC,0.43,morpho-blue STEAKUSDC vault,Base,USDC,1.975,1.266,111.85,2.444,4.204,4.259,46.6,0.698,1.539,5,0,35.03
ETH,WETH,Aave v3 Arbitrum,Arbitrum,WETH,0.64,Stake WETH -> WBETH (binance-staked-eth),Ethereum,WETH,1.508,1.263,84.98,1.53,2.344,2.509,72.1,1.085,1.302,0,0,9.81
ETH,WETH,Aave v3 Ethereum,Ethereum,WETH,0.644,Stake WETH -> ETHX (stader),Ethereum,WETH,1.59,1.261,89.59,1.701,2.365,2.456,73.7,1.282,1.28,0,0,9.0
ETH,WSTETH,Aave v3 Ethereum,Ethereum,USDC,0.393,morpho-blue SPARKUSDC vault,Base,USDC,1.855,1.256,104.93,2.448,4.672,4.515,47.7,0.943,1.585,5,0,34.77
ETH,WETH,Aave v3 Ethereum,Ethereum,WETH,0.644,Stake WETH -> RSETH (kelp),Ethereum,WETH,1.617,1.255,91.09,1.701,2.365,2.5,81.6,1.584,1.28,0,0,9.0
ETH,WSTETH,Aave v3 Ethereum,Ethereum,USDT,0.393,fluid-lending USDC vault,Ethereum,USDC,1.933,1.255,109.2,2.448,4.357,4.631,53.4,1.434,1.586,5,0,33.8
ETH,WETH,Aave v3 Ethereum,Ethereum,WETH,0.644,Stake WETH -> RETH (rocket-pool),Ethereum,WETH,1.469,1.243,82.67,1.701,2.365,2.235,51.2,1.374,1.28,0,0,9.0
ETH,WSTETH,Aave v3 Base,Base,WETH,0.6,OKX Simple Earn,OKX,WETH,1.861,1.241,105.08,2.451,2.334,1.426,18.6,0.976,1.317,0,0,9.71
ETH,WSTETH,Aave v3 Arbitrum,Arbitrum,WETH,0.6,Lend WETH on sparklend,Ethereum,WETH,1.681,1.24,94.78,2.445,2.344,1.568,2.2,1.794,1.317,0,0,17.56
ETH,WETH,Aave v3 Arbitrum,Arbitrum,USDC,0.4,Stake USDC -> SYRUPUSDC (maple),Ethereum,USDC,1.593,1.234,89.99,1.53,4.058,5.251,95.9,0.453,1.612,5,0,28.32
ETH,WETH,Aave v3 Arbitrum,Arbitrum,WETH,0.64,Stake WETH -> WEETH (ether.fi-stake),Ethereum,WETH,1.476,1.23,83.15,1.53,2.344,2.454,68.8,1.129,1.302,0,0,9.81
ETH,WETH,Aave v3 Arbitrum,Arbitrum,WETH,0.64,Stake WETH -> WSTETH (lido),Ethereum,WETH,1.473,1.227,82.97,1.53,2.344,2.444,66.3,1.011,1.302,0,0,9.81
ETH,WSTETH,Aave v3 Arbitrum,Arbitrum,WBTC,0.375,Lend CBBTC on sparklend,Ethereum,CBBTC,1.701,1.216,96.0,2.445,0.86,0.01,0.0,0.965,1.721,1,0,26.44
ETH,WSTETH,Aave v3 Arbitrum,Arbitrum,WBTC,0.375,Lend TBTC on aave-v3,Ethereum,TBTC,1.699,1.215,95.91,2.445,0.86,0.004,0.0,0.957,1.721,1,0,26.44
ETH,WSTETH,Aave v3 Arbitrum,Arbitrum,USDC,0.375,fluid-lending USDC vault,Ethereum,USDC,2.002,1.214,113.2,2.445,4.058,4.631,65.2,1.127,1.62,5,0,36.1
ETH,WSTETH,Aave v3 Base,Base,CBBTC,0.375,Lend WBTC on aave-v3,Ethereum,WBTC,1.699,1.214,95.89,2.451,0.825,0.006,0.0,0.95,1.719,1,0,26.44
ETH,WSTETH,Aave v3 Base,Base,CBBTC,0.375,Lend TBTC on aave-v3,Ethereum,TBTC,1.699,1.214,95.87,2.451,0.825,0.004,0.0,0.951,1.719,1,0,26.44
ETH,WSTETH,Aave v3 Arbitrum,Arbitrum,WBTC,0.375,Lend CBBTC on aave-v3,Ethereum,CBBTC,1.698,1.214,95.86,2.445,0.86,0.002,0.0,0.955,1.721,1,0,26.44
ETH,WSTETH,Aave v3 Arbitrum,Arbitrum,WETH,0.6,OKX Simple Earn,OKX,WETH,1.833,1.213,103.47,2.445,2.344,1.426,12.9,1.186,1.317,0,0,9.71
ETH,WSTETH,Aave v3 Arbitrum,Arbitrum,USDC,0.375,Stake USDS -> SUSDS (sky-lending),Ethereum,USDS,1.71,1.211,96.61,2.445,4.058,3.876,45.8,1.087,1.62,5,0,37.86
ETH,WSTETH,Morpho WSTETH/WETH 94.5% (Ethereum),Ethereum,WETH,0.756,OKX Simple Earn,OKX,WETH,1.795,1.208,101.39,2.444,2.086,1.426,30.7,0.93,1.25,0,0,16.96
ETH,WSTETH,Aave v3 Arbitrum,Arbitrum,USDC,0.375,Stake USDE -> SUSDE (ethena-usde),Ethereum,USDE,1.842,1.206,104.1,2.445,4.058,4.238,72.3,1.151,1.62,5,0,37.86
ETH,WSTETH,Morpho WSTETH/USDC 86.0% (Ethereum),Ethereum,USDC,0.43,Lend USDC on aave-v3,Ethereum,USDC,1.563,1.203,88.2,2.444,4.204,3.435,8.2,0.926,1.539,5,0,31.96
ETH,WETH,Aave v3 Arbitrum,Arbitrum,USDC,0.4,Bitfinex funding,Bitfinex,USD,1.741,1.199,98.21,1.53,4.058,4.982,71.2,0.853,1.612,5,0,11.82
ETH,WSTETH,Aave v3 Base,Base,WETH,0.6,Gate Uni lending,Gate,WETH,2.112,1.192,119.26,2.451,2.334,2.02,15.3,1.775,1.317,0,0,9.71
ETH,WETH,Aave v3 Arbitrum,Arbitrum,WETH,0.64,Stake WETH -> LSETH (liquid-collective),Ethereum,WETH,1.54,1.192,86.8,1.53,2.344,2.531,69.9,1.095,1.302,0,0,9.81
ETH,WSTETH,Aave v3 Ethereum,Ethereum,USDT,0.393,Kamino (Solana),Solana,USDC,1.592,1.192,89.74,2.448,4.357,3.932,37.0,0.971,1.586,5,0,36.13
ETH,WSTETH,Morpho WSTETH/USDC 86.0% (Ethereum),Ethereum,USDC,0.43,fluid-lending USDT vault,Ethereum,USDT,1.897,1.188,107.19,2.444,4.204,4.334,47.1,1.214,1.539,5,0,33.98
ETH,WETH,Aave v3 Arbitrum,Arbitrum,WETH,0.64,Stake WETH -> CBETH (coinbase-wrapped-staked-eth),Ethereum,WETH,1.536,1.187,86.53,1.53,2.344,2.546,74.5,1.126,1.302,0,0,9.81
ETH,WSTETH,Aave v3 Base,Base,WETH,0.6,Bitfinex funding,Bitfinex,WETH,1.957,1.187,110.52,2.451,2.334,1.378,12.1,0.87,1.317,0,0,9.71
ETH,WSTETH,Aave v3 Ethereum,Ethereum,USDC,0.393,fluid-lending USDC vault,Ethereum,USDC,1.854,1.176,104.68,2.448,4.672,4.631,39.7,1.278,1.585,5,0,31.96
ETH,WSTETH,Aave v3 Ethereum,Ethereum,USDC,0.393,Stake USDS -> SUSDS (sky-lending),Ethereum,USDS,1.548,1.172,87.37,2.448,4.672,3.876,19.5,1.112,1.585,5,0,33.8
ETH,WETH,Aave v3 Base,Base,WETH,0.64,Stake WETH -> OSETH (stakewise-v3),Ethereum,WETH,1.519,1.171,85.55,1.656,2.334,2.378,62.2,1.415,1.288,0,0,9.81
ETH,WSTETH,Aave v3 Ethereum,Ethereum,USDT,0.393,morpho-blue STEAKUSDC vault,Base,USDC,1.849,1.17,104.6,2.448,4.357,4.259,51.5,0.906,1.586,5,0,36.62
ETH,WSTETH,Aave v3 Ethereum,Ethereum,USDC,0.393,Stake USDE -> SUSDE (ethena-usde),Ethereum,USDE,1.686,1.167,95.18,2.448,4.672,4.238,36.2,1.27,1.585,5,0,33.8
ETH,WETH,Aave v3 Ethereum,Ethereum,USDT,0.403,Stake USDT -> SYRUPUSDT (maple),Ethereum,USDT,1.448,1.166,81.64,1.701,4.357,4.751,86.8,0.811,1.581,5,0,24.0
ETH,WSTETH,Aave v3 Ethereum,Ethereum,USDT,0.393,fluid-lending USDT vault,Ethereum,USDT,1.842,1.164,104.01,2.448,4.357,4.334,49.3,1.152,1.586,5,0,31.96
ETH,WSTETH,Aave v3 Arbitrum,Arbitrum,WETH,0.6,Gate Uni lending,Gate,WETH,2.084,1.164,117.65,2.445,2.344,2.02,19.2,2.063,1.317,0,0,9.71
ETH,WSTETH,Aave v3 Arbitrum,Arbitrum,WETH,0.6,Bitfinex funding,Bitfinex,WETH,1.929,1.159,108.91,2.445,2.344,1.378,10.7,0.791,1.317,0,0,9.71
ETH,WETH,Aave v3 Ethereum,Ethereum,CBBTC,0.403,Lend CBBTC on sparklend,Ethereum,CBBTC,1.359,1.159,76.48,1.701,0.288,0.01,0.0,0.708,1.68,1,0,12.0
ETH,WETH,Aave v3 Base,Base,WETH,0.64,Stake WETH -> ETHX (stader),Ethereum,WETH,1.558,1.158,87.75,1.656,2.334,2.456,63.8,1.308,1.288,0,0,9.81
ETH,WETH,Aave v3 Base,Base,WETH,0.64,Stake WETH -> RSETH (kelp),Ethereum,WETH,1.584,1.152,89.24,1.656,2.334,2.5,76.4,1.362,1.288,0,0,9.81
ETH,WSTETH,Morpho WSTETH/WETH 94.5% (Ethereum),Ethereum,WETH,0.756,Gate Uni lending,Gate,WETH,2.11,1.147,119.25,2.444,2.086,2.02,52.9,1.819,1.25,0,0,16.96
ETH,WSTETH,Aave v3 Ethereum,Ethereum,WETH,0.628,OKX Simple Earn,OKX,WETH,1.693,1.145,95.57,2.448,2.365,1.426,20.8,0.411,1.29,0,0,16.96
ETH,WSTETH,Aave v3 Base,Base,USDC,0.375,Stake USDT -> SYRUPUSDT (maple),Ethereum,USDT,1.702,1.142,96.14,2.451,4.996,4.751,32.3,1.002,1.615,5,0,37.86
ETH,WSTETH,Morpho WSTETH/WETH 94.5% (Ethereum),Ethereum,WETH,0.756,Bitfinex funding,Bitfinex,WETH,1.915,1.141,108.24,2.444,2.086,1.378,19.5,0.478,1.25,0,0,16.96
ETH,WETH,Aave v3 Base,Base,WETH,0.64,Stake WETH -> RETH (rocket-pool),Ethereum,WETH,1.437,1.139,80.87,1.656,2.334,2.235,38.1,1.377,1.288,0,0,9.8
ETH,WETH,Aave v3 Arbitrum,Arbitrum,USDC,0.4,morpho-blue GTUSDCP vault,Base,USDC,1.702,1.139,96.05,1.53,4.058,4.747,88.2,0.89,1.612,5,0,10.91
ETH,WSTETH,Morpho WSTETH/USDT 86.0% (Ethereum),Ethereum,USDT,0.43,Lend USDS on sparklend,Ethereum,USDS,1.488,1.128,83.98,2.444,3.713,2.7,20.0,0.265,1.541,5,0,33.97
ETH,WETH,Aave v3 Ethereum,Ethereum,USDT,0.403,Bitfinex funding,Bitfinex,USDT,1.548,1.123,87.26,1.701,4.357,4.979,61.1,0.439,1.581,5,0,21.5
ETH,WSTETH,Aave v3 Base,Base,USDC,0.375,Kamino (Solana),Solana,USDC,1.638,1.115,92.16,2.451,4.996,3.932,23.8,0.971,1.615,5,0,18.21
ETH,WSTETH,Aave v3 Ethereum,Ethereum,USDT,0.393,Lend USDC on aave-v3,Ethereum,USDC,1.473,1.113,83.04,2.448,4.357,3.435,5.8,1.079,1.586,5,0,33.8
ETH,WSTETH,Aave v3 Ethereum,Ethereum,USDC,0.393,Kamino (Solana),Solana,USDC,1.512,1.112,85.23,2.448,4.672,3.932,25.5,0.929,1.585,5,0,34.29
ETH,WSTETH,Aave v3 Ethereum,Ethereum,CBBTC,0.393,OKX Simple Earn,OKX,BTC,2.02,1.096,114.32,2.448,0.288,0.528,50.7,0.949,1.688,1,0,33.05
ETH,WSTETH,Aave v3 Ethereum,Ethereum,WETH,0.628,Gate Uni lending,Gate,WETH,1.955,1.094,110.41,2.448,2.365,2.02,26.0,1.401,1.29,0,0,16.96
ETH,WSTETH,Aave v3 Ethereum,Ethereum,USDC,0.393,morpho-blue STEAKUSDC vault,Base,USDC,1.77,1.092,100.11,2.448,4.672,4.259,43.0,0.711,1.585,5,0,34.77
ETH,WSTETH,Aave v3 Ethereum,Ethereum,WETH,0.628,Bitfinex funding,Bitfinex,WETH,1.793,1.088,101.26,2.448,2.365,1.378,13.2,0.051,1.29,0,0,16.96
ETH,WETH,Aave v3 Ethereum,Ethereum,WETH,0.644,Stake WETH -> METH (meth-protocol),Ethereum,WETH,1.365,1.087,76.79,1.701,2.365,2.073,35.6,0.886,1.28,0,0,9.0
ETH,WSTETH,Morpho WSTETH/WETH 96.5% (Ethereum),Ethereum,WETH,0.772,OKX Simple Earn,OKX,WETH,1.675,1.084,94.59,2.444,2.212,1.426,27.4,0.851,1.25,0,0,16.96
ETH,WSTETH,Aave v3 Arbitrum,Arbitrum,USDC,0.375,Lend USDC on aave-v3,Ethereum,USDC,1.563,1.079,88.18,2.445,4.058,3.435,11.8,0.786,1.62,5,0,36.09
ETH,WETH,Aave v3 Arbitrum,Arbitrum,WETH,0.64,Stake WETH -> OSETH (stakewise-v3),Ethereum,WETH,1.426,1.077,80.31,1.53,2.344,2.378,64.1,1.045,1.302,0,0,9.81
ETH,WSTETH,Aave v3 Ethereum,Ethereum,WBTC,0.393,OKX Simple Earn,OKX,BTC,1.998,1.073,113.01,2.448,0.343,0.528,50.7,0.943,1.687,1,0,33.05
ETH,WSTETH,Aave v3 Arbitrum,Arbitrum,USDC,0.375,fluid-lending USDT vault,Ethereum,USDT,1.853,1.066,104.71,2.445,4.058,4.334,57.0,0.996,1.62,5,0,37.86
ETH,WETH,Aave v3 Arbitrum,Arbitrum,WETH,0.64,Stake WETH -> ETHX (stader),Ethereum,WETH,1.465,1.065,82.51,1.53,2.344,2.456,64.4,1.003,1.302,0,0,9.81
ETH,WSTETH,Aave v3 Arbitrum,Arbitrum,USDC,0.375,Kamino (Solana),Solana,USDT,1.586,1.063,89.29,2.445,4.058,2.85,22.2,0.844,1.62,5,0,19.96
ETH,WSTETH,Morpho WSTETH/USDT 86.0% (Ethereum),Ethereum,USDT,0.43,Kamino (Solana),Solana,USDT,1.467,1.063,82.68,2.444,3.713,2.85,27.1,0.619,1.541,5,0,34.54
ETH,WETH,Aave v3 Arbitrum,Arbitrum,WETH,0.64,Stake WETH -> RSETH (kelp),Ethereum,WETH,1.491,1.059,84.0,1.53,2.344,2.5,72.9,1.104,1.302,0,0,9.81
ETH,WETH,Aave v3 Arbitrum,Arbitrum,USDC,0.4,morpho-blue SPARKUSDC vault,Base,USDC,1.616,1.054,91.19,1.53,4.058,4.515,79.5,0.716,1.612,5,0,10.91
ETH,WSTETH,Morpho WSTETH/USDC 86.0% (Ethereum),Ethereum,USDC,0.43,Lend USDT on aave-v3,Ethereum,USDT,1.411,1.05,79.55,2.444,4.204,3.132,7.1,0.553,1.539,5,0,33.97
ETH,WETH,Aave v3 Ethereum,Ethereum,CBBTC,0.403,Lend CBBTC on aave-v3,Base,CBBTC,1.33,1.049,74.87,1.701,0.288,0.033,0.0,0.779,1.68,1,0,14.26
ETH,WETH,Aave v3 Ethereum,Ethereum,CBBTC,0.403,Lend WBTC on aave-v3,Ethereum,WBTC,1.247,1.047,70.18,1.701,0.288,0.006,0.0,0.709,1.68,1,0,18.22
ETH,WETH,Aave v3 Ethereum,Ethereum,CBBTC,0.403,Lend TBTC on aave-v3,Ethereum,TBTC,1.247,1.047,70.16,1.701,0.288,0.004,0.0,0.708,1.68,1,0,18.22
ETH,WETH,Aave v3 Arbitrum,Arbitrum,WETH,0.64,Stake WETH -> RETH (rocket-pool),Ethereum,WETH,1.344,1.046,75.64,1.53,2.344,2.235,41.6,0.952,1.302,0,0,9.8
ETH,WETH,Aave v3 Ethereum,Ethereum,WBTC,0.403,Lend CBBTC on sparklend,Ethereum,CBBTC,1.225,1.025,68.92,1.701,0.343,0.01,0.0,0.674,1.68,1,0,18.22
ETH,WETH,Aave v3 Ethereum,Ethereum,WBTC,0.403,Lend WBTC on aave-v3,Arbitrum,WBTC,1.305,1.024,73.45,1.701,0.343,0.037,0.0,0.731,1.68,1,0,14.26
ETH,WETH,Aave v3 Ethereum,Ethereum,WBTC,0.403,Lend TBTC on aave-v3,Ethereum,TBTC,1.223,1.023,68.83,1.701,0.343,0.004,0.0,0.675,1.68,1,0,18.22
ETH,WETH,Aave v3 Ethereum,Ethereum,WBTC,0.403,Lend CBBTC on aave-v3,Ethereum,CBBTC,1.222,1.022,68.77,1.701,0.343,0.002,0.0,0.673,1.68,1,0,18.22
ETH,WSTETH,Morpho WSTETH/WETH 96.5% (Ethereum),Ethereum,WETH,0.772,Gate Uni lending,Gate,WETH,1.998,1.021,112.83,2.444,2.212,2.02,38.1,1.651,1.25,0,0,16.96
ETH,WSTETH,Aave v3 Ethereum,Ethereum,USDC,0.393,fluid-lending USDT vault,Ethereum,USDT,1.698,1.02,95.81,2.448,4.672,4.334,37.5,1.11,1.585,5,0,33.8
ETH,WETH,Aave v3 Ethereum,Ethereum,USDC,0.403,Stake USDT -> SYRUPUSDT (maple),Ethereum,USDT,1.3,1.018,73.26,1.701,4.672,4.751,62.2,0.439,1.58,5,0,25.89
ETH,WSTETH,Morpho WSTETH/WETH 96.5% (Ethereum),Ethereum,WETH,0.772,Bitfinex funding,Bitfinex,WETH,1.799,1.015,101.59,2.444,2.212,1.378,16.2,0.419,1.25,0,0,16.96
ETH,WETH,Aave v3 Ethereum,Ethereum,USDT,0.403,Bitfinex funding,Bitfinex,USD,1.439,1.014,81.11,1.701,4.357,4.982,67.4,0.776,1.581,5,0,27.8
ETH,WETH,Aave v3 Base,Base,WETH,0.64,Stake WETH -> METH (meth-protocol),Ethereum,WETH,1.334,0.985,75.03,1.656,2.334,2.073,32.6,0.939,1.288,0,0,9.8
ETH,WETH,Aave v3 Ethereum,Ethereum,USDC,0.403,Bitfinex funding,Bitfinex,USDT,1.4,0.975,78.87,1.701,4.672,4.979,54.5,0.306,1.58,5,0,23.39
ETH,WETH,Aave v3 Base,Base,USDC,0.4,morpho-blue GTUSDCP vault,Base,USDC,1.522,0.96,85.64,1.656,4.996,4.747,32.1,0.929,1.587,5,0,0.8
ETH,WETH,Aave v3 Arbitrum,Arbitrum,USDC,0.4,Stake USDT -> SYRUPUSDT (maple),Ethereum,USDT,1.357,0.957,76.57,1.53,4.058,4.751,92.6,0.116,1.612,5,0,30.19
ETH,WSTETH,Aave v3 Arbitrum,Arbitrum,USDC,0.375,Lend USDT on aave-v3,Ethereum,USDT,1.43,0.946,80.65,2.445,4.058,3.132,9.6,0.646,1.62,5,0,37.85
ETH,WSTETH,Aave v3 Arbitrum,Arbitrum,WBTC,0.375,OKX Simple Earn,OKX,BTC,1.968,0.944,111.25,2.445,0.86,0.528,44.7,1.097,1.721,1,0,24.07
ETH,WSTETH,Aave v3 Base,Base,CBBTC,0.375,OKX Simple Earn,OKX,BTC,1.968,0.944,111.2,2.451,0.825,0.528,28.8,1.094,1.719,1,0,24.07
ETH,WETH,Aave v3 Ethereum,Ethereum,CBBTC,0.403,Lend WBTC on aave-v3,Arbitrum,WBTC,1.218,0.937,68.56,1.701,0.288,0.037,0.0,0.765,1.68,1,0,20.49
ETH,WETH,Aave v3 Ethereum,Ethereum,USDT,0.403,morpho-blue GTUSDCP vault,Base,USDC,1.366,0.921,77.06,1.701,4.357,4.747,77.5,0.558,1.581,5,0,28.77
ETH,WETH,Aave v3 Ethereum,Ethereum,WBTC,0.403,Lend CBBTC on aave-v3,Base,CBBTC,1.196,0.915,67.31,1.701,0.343,0.033,0.0,0.745,1.68,1,0,20.49
ETH,WETH,Aave v3 Base,Base,USDC,0.4,Bitfinex funding,Bitfinex,USDT,1.456,0.914,81.87,1.656,4.996,4.979,46.3,0.255,1.587,5,0,7.42
ETH,WSTETH,Morpho WSTETH/USDT 86.0% (Ethereum),Ethereum,USDT,0.43,Lend USDE on aave-v3,Ethereum,USDE,1.266,0.905,71.32,2.444,3.713,2.347,9.6,0.55,1.541,5,0,33.97
ETH,WETH,Aave v3 Arbitrum,Arbitrum,USDC,0.4,Kamino (Solana),Solana,USDC,1.265,0.905,71.1,1.53,4.058,3.932,45.5,0.911,1.612,5,0,10.43
ETH,WETH,Aave v3 Ethereum,Ethereum,USDC,0.403,Bitfinex funding,Bitfinex,USD,1.324,0.899,74.61,1.701,4.672,4.982,57.8,0.404,1.58,5,0,27.8
ETH,WSTETH,Aave v3 Ethereum,Ethereum,USDC,0.393,Lend USDT on aave-v3,Ethereum,USDT,1.255,0.894,70.68,2.448,4.672,3.132,3.3,0.618,1.585,5,0,33.79
ETH,WETH,Aave v3 Arbitrum,Arbitrum,WETH,0.64,Stake WETH -> METH (meth-protocol),Ethereum,WETH,1.24,0.892,69.8,1.53,2.344,2.073,34.5,0.671,1.302,0,0,9.8
ETH,WETH,Aave v3 Arbitrum,Arbitrum,USDC,0.4,morpho-blue STEAKUSDC vault,Base,USDC,1.53,0.886,86.28,1.53,4.058,4.259,55.6,0.478,1.612,5,0,10.91
ETH,WSTETH,Morpho WSTETH/USDC 86.0% (Ethereum),Ethereum,USDC,0.43,Lend USDS on sparklend,Ethereum,USDS,1.237,0.877,69.74,2.444,4.204,2.7,0.8,0.471,1.539,5,0,33.97
ETH,WETH,Aave v3 Base,Base,USDC,0.4,morpho-blue SPARKUSDC vault,Base,USDC,1.437,0.875,80.82,1.656,4.996,4.515,16.4,0.878,1.587,5,0,0.8
ETH,WETH,Aave v3 Base,Base,USDC,0.4,Stake USDC -> SYRUPUSDC (maple),Ethereum,USDC,1.232,0.873,69.39,1.656,4.996,5.251,73.2,0.405,1.587,5,0,28.32
ETH,WSTETH,Aave v3 Ethereum,Ethereum,USDT,0.393,Lend USDS on sparklend,Ethereum,USDS,1.209,0.848,68.07,2.448,4.357,2.7,0.5,0.771,1.586,5,0,33.79
ETH,WETH,Aave v3 Ethereum,Ethereum,USDC,0.403,morpho-blue GTUSDCP vault,Base,USDC,1.286,0.84,72.47,1.701,4.672,4.747,61.4,0.372,1.58,5,0,26.88
ETH,WSTETH,Aave v3 Arbitrum,Arbitrum,USDC,0.375,OKX Simple Earn,OKX,USDC,1.438,0.84,80.88,2.445,4.058,2.063,3.6,0.751,1.62,5,0,13.51
ETH,WETH,Aave v3 Base,Base,USDC,0.4,Bitfinex funding,Bitfinex,USD,1.381,0.839,77.65,1.656,4.996,4.982,46.0,0.859,1.587,5,0,11.8
ETH,WETH,Aave v3 Ethereum,Ethereum,USDT,0.403,morpho-blue SPARKUSDC vault,Base,USDC,1.28,0.835,72.18,1.701,4.357,4.515,67.9,0.392,1.581,5,0,28.77
ETH,WSTETH,Aave v3 Base,Base,USDC,0.375,fluid-lending USDC vault,Ethereum,USDC,1.606,0.819,90.59,2.451,4.996,4.631,35.6,0.528,1.615,5,0,36.1
ETH,WSTETH,Aave v3 Base,Base,USDC,0.375,Stake USDS -> SUSDS (sky-lending),Ethereum,USDS,1.316,0.815,74.12,2.451,4.996,3.876,4.4,0.414,1.615,5,0,37.85
ETH,WSTETH,Aave v3 Base,Base,USDC,0.375,Stake USDE -> SUSDE (ethena-usde),Ethereum,USDE,1.447,0.811,81.55,2.451,4.996,4.238,15.9,0.462,1.615,5,0,37.85
ETH,WETH,Aave v3 Ethereum,Ethereum,WETH,0.644,Lend WETH on sparklend,Ethereum,WETH,1.009,0.809,56.67,1.701,2.365,1.568,0.5,0.814,1.28,0,0,9.0
ETH,WSTETH,Aave v3 Arbitrum,Arbitrum,USDC,0.375,Lend USDS on sparklend,Ethereum,USDS,1.279,0.794,72.1,2.445,4.058,2.7,0.8,0.608,1.62,5,0,37.84
ETH,WETH,Aave v3 Base,Base,WETH,0.64,Lend WETH on aave-v3,Ethereum,WETH,1.062,0.79,59.67,1.656,2.334,1.705,6.6,0.712,1.288,0,0,9.8
ETH,WSTETH,Aave v3 Ethereum,Ethereum,USDT,0.393,Kamino (Solana),Solana,USDT,1.188,0.788,66.84,2.448,4.357,2.85,19.7,0.446,1.586,5,0,34.28
ETH,WETH,Aave v3 Ethereum,Ethereum,USDT,0.403,Stake USDS -> SUSDS (sky-lending),Ethereum,USDS,0.997,0.781,56.08,1.701,4.357,3.876,37.0,0.329,1.581,5,0,25.88
ETH,WETH,Aave v3 Ethereum,Ethereum,USDT,0.403,Stake USDE -> SUSDE (ethena-usde),Ethereum,USDE,1.139,0.776,64.07,1.701,4.357,4.238,68.2,0.431,1.581,5,0,25.89
ETH,WSTETH,Morpho WSTETH/USDC 86.0% (Ethereum),Ethereum,USDC,0.43,Kamino (Solana),Solana,USDT,1.179,0.775,66.37,2.444,4.204,2.85,9.6,0.266,1.539,5,0,36.55
ETH,WETH,Aave v3 Base,Base,CBBTC,0.4,Lend CBBTC on sparklend,Ethereum,CBBTC,1.087,0.768,61.08,1.656,0.825,0.01,0.0,0.267,1.687,1,0,12.8
ETH,WSTETH,Aave v3 Arbitrum,Arbitrum,USDC,0.375,Gate Uni lending,Gate,USDC,1.552,0.765,87.33,2.445,4.058,2.395,2.7,0.796,1.62,5,0,13.51
ETH,WETH,Aave v3 Base,Base,CBBTC,0.4,Lend CBBTC on aave-v3,Ethereum,CBBTC,1.084,0.765,60.93,1.656,0.825,0.002,0.0,0.265,1.687,1,0,12.8
ETH,WSTETH,Aave v3 Ethereum,Ethereum,CBBTC,0.393,Bitfinex funding,Bitfinex,BTC,1.783,0.76,100.72,2.448,0.288,0.003,0.0,0.559,1.688,1,0,33.04
ETH,WETH,Aave v3 Ethereum,Ethereum,USDC,0.403,morpho-blue SPARKUSDC vault,Base,USDC,1.199,0.754,67.59,1.701,4.672,4.515,47.7,0.197,1.58,5,0,26.88
ETH,WETH,Aave v3 Ethereum,Ethereum,USDT,0.403,fluid-lending USDC vault,Ethereum,USDC,1.277,0.751,71.91,1.701,4.357,4.631,53.4,0.382,1.581,5,0,25.89
ETH,WSTETH,Aave v3 Ethereum,Ethereum,WBTC,0.393,Bitfinex funding,Bitfinex,BTC,1.76,0.738,99.41,2.448,0.343,0.003,0.0,0.552,1.687,1,0,33.04
ETH,WSTETH,Aave v3 Ethereum,Ethereum,CBBTC,0.393,Gate Uni lending,Gate,BTC,1.858,0.737,105.03,2.448,0.288,0.173,21.6,0.667,1.688,1,0,33.04
ETH,WSTETH,Aave v3 Ethereum,Ethereum,USDC,0.393,Lend USDS on sparklend,Ethereum,USDS,1.097,0.737,61.77,2.448,4.672,2.7,0.3,0.544,1.585,5,0,33.79
ETH,WSTETH,Aave v3 Arbitrum,Arbitrum,USDC,0.375,OKX Simple Earn,OKX,USDT,1.332,0.734,74.89,2.445,4.058,1.87,1.4,0.92,1.62,5,0,15.26
ETH,WSTETH,Morpho WSTETH/USDT 86.0% (Ethereum),Ethereum,USDT,0.43,OKX Simple Earn,OKX,USDC,1.218,0.728,68.6,2.444,3.713,2.063,13.2,0.589,1.541,5,0,31.47
ETH,WETH,Aave v3 Base,Base,CBBTC,0.4,Lend WBTC on aave-v3,Arbitrum,WBTC,1.116,0.716,62.71,1.656,0.825,0.037,0.0,0.787,1.687,1,0,11.73
ETH,WSTETH,Aave v3 Ethereum,Ethereum,WBTC,0.393,Gate Uni lending,Gate,BTC,1.836,0.714,103.73,2.448,0.343,0.173,12.9,0.66,1.687,1,0,33.04
ETH,WETH,Aave v3 Base,Base,WETH,0.64,Lend WETH on sparklend,Ethereum,WETH,0.98,0.708,55.05,1.656,2.334,1.568,1.6,0.842,1.288,0,0,9.8
ETH,WETH,Aave v3 Base,Base,USDC,0.4,morpho-blue STEAKUSDC vault,Base,USDC,1.351,0.708,75.96,1.656,4.996,4.259,12.1,0.939,1.587,5,0,0.8
ETH,WETH,Aave v3 Arbitrum,Arbitrum,WBTC,0.4,Lend WBTC on aave-v3,Ethereum,WBTC,1.023,0.704,57.53,1.53,0.86,0.006,0.0,0.439,1.711,1,0,12.8
ETH,WETH,Aave v3 Arbitrum,Arbitrum,WETH,0.64,Lend WETH on aave-v3,Ethereum,WETH,0.969,0.697,54.44,1.53,2.344,1.705,9.0,0.524,1.302,0,0,9.8
ETH,WETH,Aave v3 Ethereum,Ethereum,USDT,0.403,Kamino (Solana),Solana,USDC,0.925,0.685,51.98,1.701,4.357,3.932,37.0,0.065,1.581,5,0,28.28
ETH,WSTETH,Aave v3 Base,Base,USDC,0.375,Lend USDC on aave-v3,Ethereum,USDC,1.168,0.683,65.73,2.451,4.996,3.435,3.8,0.188,1.615,5,0,36.09
ETH,WSTETH,Morpho WSTETH/USDT 86.0% (Ethereum),Ethereum,USDT,0.43,OKX Simple Earn,OKX,USDT,1.168,0.677,65.73,2.444,3.713,1.87,6.3,0.092,1.541,5,0,29.46
ETH,WETH,Aave v3 Base,Base,WETH,0.64,OKX Simple Earn,OKX,WETH,1.138,0.674,63.98,1.656,2.334,1.426,18.6,0.389,1.288,0,0,1.75
ETH,WSTETH,Aave v3 Base,Base,USDC,0.375,fluid-lending USDT vault,Ethereum,USDT,1.458,0.67,82.14,2.451,4.996,4.334,26.3,0.323,1.615,5,0,37.85
ETH,WETH,Aave v3 Ethereum,Ethereum,USDC,0.403,fluid-lending USDC vault,Ethereum,USDC,1.196,0.67,67.3,1.701,4.672,4.631,39.7,0.38,1.58,5,0,24.0
ETH,WSTETH,Aave v3 Base,Base,USDC,0.375,Kamino (Solana),Solana,USDT,1.191,0.668,66.88,2.451,4.996,2.85,7.9,0.276,1.615,5,0,19.95
ETH,WETH,Aave v3 Ethereum,Ethereum,USDC,0.403,Stake USDS -> SUSDS (sky-lending),Ethereum,USDS,0.883,0.666,49.61,1.701,4.672,3.876,19.5,0.182,1.58,5,0,25.88
ETH,WETH,Aave v3 Ethereum,Ethereum,USDT,0.403,morpho-blue STEAKUSDC vault,Base,USDC,1.193,0.666,67.26,1.701,4.357,4.259,51.5,0.147,1.581,5,0,28.77
ETH,WETH,Aave v3 Ethereum,Ethereum,USDC,0.403,Stake USDE -> SUSDE (ethena-usde),Ethereum,USDE,1.024,0.661,57.58,1.701,4.672,4.238,36.2,0.304,1.58,5,0,25.88
ETH,WETH,Aave v3 Ethereum,Ethereum,USDT,0.403,fluid-lending USDT vault,Ethereum,USDT,1.184,0.658,66.6,1.701,4.357,4.334,49.3,0.254,1.581,5,0,24.0
ETH,WETH,Aave v3 Base,Base,CBBTC,0.4,Lend WBTC on aave-v3,Ethereum,WBTC,0.976,0.656,54.83,1.656,0.825,0.006,0.0,0.267,1.687,1,0,18.98
ETH,WETH,Aave v3 Base,Base,CBBTC,0.4,Lend TBTC on aave-v3,Ethereum,TBTC,0.975,0.656,54.81,1.656,0.825,0.004,0.0,0.267,1.687,1,0,18.98
ETH,WETH,Aave v3 Arbitrum,Arbitrum,WBTC,0.4,Lend CBBTC on aave-v3,Base,CBBTC,1.055,0.655,59.31,1.53,0.86,0.033,0.0,0.498,1.711,1,0,11.74
ETH,WSTETH,Morpho WSTETH/USDC 86.0% (Ethereum),Ethereum,USDC,0.43,Lend USDE on aave-v3,Ethereum,USDE,1.015,0.654,57.08,2.444,4.204,2.347,5.2,0.363,1.539,5,0,33.96
ETH,WSTETH,Aave v3 Ethereum,Ethereum,USDT,0.393,Lend USDE on aave-v3,Ethereum,USDE,1.006,0.645,56.53,2.448,4.357,2.347,4.4,0.459,1.586,5,0,33.79
ETH,WSTETH,Aave v3 Ethereum,Ethereum,USDC,0.393,Kamino (Solana),Solana,USDT,1.044,0.643,58.68,2.448,4.672,2.85,7.9,0.179,1.585,5,0,36.11
ETH,WSTETH,Morpho WSTETH/USDT 86.0% (Ethereum),Ethereum,USDT,0.43,Gate Uni lending,Gate,USDC,1.349,0.642,76.04,2.444,3.713,2.395,13.2,0.312,1.541,5,0,31.47
ETH,WETH,Aave v3 Ethereum,Ethereum,WETH,0.644,OKX Simple Earn,OKX,WETH,1.024,0.63,57.57,1.701,2.365,1.426,20.8,0.367,1.28,0,0,9.0
ETH,WSTETH,Aave v3 Arbitrum,Arbitrum,WBTC,0.375,Bitfinex funding,Bitfinex,BTC,1.741,0.623,98.26,2.445,0.86,0.003,0.0,0.724,1.721,1,0,24.06
ETH,WSTETH,Aave v3 Base,Base,CBBTC,0.375,Bitfinex funding,Bitfinex,BTC,1.74,0.623,98.22,2.451,0.825,0.003,0.0,0.719,1.719,1,0,24.06
ETH,WETH,Aave v3 Base,Base,WETH,0.64,Gate Uni lending,Gate,WETH,1.407,0.621,79.11,1.656,2.334,2.02,15.3,1.137,1.288,0,0,1.75
ETH,WETH,Aave v3 Base,Base,WETH,0.64,Bitfinex funding,Bitfinex,WETH,1.241,0.616,69.79,1.656,2.334,1.378,12.1,0.189,1.288,0,0,1.75
ETH,WETH,Aave v3 Arbitrum,Arbitrum,WETH,0.64,Lend WETH on sparklend,Ethereum,WETH,0.887,0.615,49.81,1.53,2.344,1.568,2.2,0.617,1.302,0,0,9.8
ETH,WETH,Aave v3 Arbitrum,Arbitrum,USDC,0.4,fluid-lending USDC vault,Ethereum,USDC,1.255,0.611,70.67,1.53,4.058,4.631,65.2,0.708,1.612,5,0,28.31
ETH,WETH,Aave v3 Arbitrum,Arbitrum,USDC,0.4,Stake USDS -> SUSDS (sky-lending),Ethereum,USDS,0.942,0.607,53.04,1.53,4.058,3.876,45.8,-0.141,1.612,5,0,30.18
ETH,WETH,Aave v3 Ethereum,Ethereum,USDT,0.403,Lend USDC on aave-v3,Ethereum,USDC,0.804,0.604,45.17,1.701,4.357,3.435,5.8,0.019,1.581,5,0,25.88
ETH,WETH,Aave v3 Ethereum,Ethereum,USDC,0.403,Kamino (Solana),Solana,USDC,0.844,0.603,47.38,1.701,4.672,3.932,25.5,0.022,1.58,5,0,26.39
ETH,WETH,Aave v3 Arbitrum,Arbitrum,USDC,0.4,Stake USDE -> SUSDE (ethena-usde),Ethereum,USDE,1.083,0.602,60.99,1.53,4.058,4.238,72.3,-0.019,1.612,5,0,30.18
ETH,WSTETH,Aave v3 Arbitrum,Arbitrum,WBTC,0.375,Gate Uni lending,Gate,BTC,1.813,0.601,102.38,2.445,0.86,0.173,3.8,0.827,1.721,1,0,24.07
ETH,WSTETH,Aave v3 Base,Base,CBBTC,0.375,Gate Uni lending,Gate,BTC,1.813,0.601,102.33,2.451,0.825,0.173,0.0,0.822,1.719,1,0,24.06
ETH,WSTETH,Aave v3 Arbitrum,Arbitrum,USDC,0.375,Lend USDE on aave-v3,Ethereum,USDE,1.085,0.6,61.06,2.445,4.058,2.347,6.3,0.236,1.62,5,0,37.84
ETH,WETH,Aave v3 Base,Base,USDC,0.4,Stake USDT -> SYRUPUSDT (maple),Ethereum,USDT,0.997,0.597,56.05,1.656,4.996,4.751,32.3,0.13,1.587,5,0,30.19
ETH,WETH,Aave v3 Arbitrum,Arbitrum,WBTC,0.4,Lend CBBTC on sparklend,Ethereum,CBBTC,0.914,0.595,51.42,1.53,0.86,0.01,0.0,0.443,1.711,1,0,18.99
ETH,WETH,Aave v3 Arbitrum,Arbitrum,WBTC,0.4,Lend TBTC on aave-v3,Ethereum,TBTC,0.913,0.594,51.33,1.53,0.86,0.004,0.0,0.44,1.711,1,0,18.99
ETH,WETH,Aave v3 Arbitrum,Arbitrum,WBTC,0.4,Lend CBBTC on aave-v3,Ethereum,CBBTC,0.912,0.593,51.27,1.53,0.86,0.002,0.0,0.438,1.711,1,0,18.98
ETH,WETH,Aave v3 Ethereum,Ethereum,CBBTC,0.403,OKX Simple Earn,OKX,BTC,1.367,0.587,77.06,1.701,0.288,0.528,50.7,0.5,1.68,1,0,25.24
ETH,WETH,Aave v3 Ethereum,Ethereum,USDC,0.403,morpho-blue STEAKUSDC vault,Base,USDC,1.112,0.586,62.68,1.701,4.672,4.259,43.0,-0.042,1.58,5,0,26.88
ETH,WETH,Aave v3 Arbitrum,Arbitrum,WETH,0.64,OKX Simple Earn,OKX,WETH,1.045,0.581,58.75,1.53,2.344,1.426,12.9,-0.073,1.302,0,0,1.75
ETH,WETH,Aave v3 Ethereum,Ethereum,WETH,0.644,Gate Uni lending,Gate,WETH,1.294,0.577,72.79,1.701,2.365,2.02,26.0,1.044,1.28,0,0,9.0
ETH,WETH,Aave v3 Ethereum,Ethereum,WETH,0.644,Bitfinex funding,Bitfinex,WETH,1.127,0.572,63.41,1.701,2.365,1.378,13.2,0.194,1.28,0,0,9.0
ETH,WETH,Aave v3 Ethereum,Ethereum,WBTC,0.403,OKX Simple Earn,OKX,BTC,1.344,0.564,75.73,1.701,0.343,0.528,50.7,0.467,1.68,1,0,25.24
ETH,WSTETH,Aave v3 Base,Base,USDC,0.375,Lend USDT on aave-v3,Ethereum,USDT,1.036,0.55,58.24,2.451,4.996,3.132,4.1,0.048,1.615,5,0,37.84
ETH,WETH,Aave v3 Base,Base,USDC,0.4,Kamino (Solana),Solana,USDC,0.904,0.544,50.63,1.656,4.996,3.932,23.8,0.029,1.587,5,0,10.42
ETH,WSTETH,Aave v3 Ethereum,Ethereum,USDC,0.393,Lend USDE on aave-v3,Ethereum,USDE,0.894,0.533,50.22,2.448,4.672,2.347,3.3,0.292,1.585,5,0,33.79
ETH,WETH,Aave v3 Arbitrum,Arbitrum,WETH,0.64,Gate Uni lending,Gate,WETH,1.313,0.528,73.87,1.53,2.344,2.02,19.2,0.774,1.302,0,0,1.75
ETH,WETH,Aave v3 Arbitrum,Arbitrum,WETH,0.64,Bitfinex funding,Bitfinex,WETH,1.148,0.523,64.55,1.53,2.344,1.378,10.7,-0.292,1.302,0,0,1.75
ETH,WSTETH,Morpho WSTETH/USDC 86.0% (Ethereum),Ethereum,USDC,0.43,OKX Simple Earn,OKX,USDC,1.003,0.513,56.4,2.444,4.204,2.063,1.9,0.636,1.539,5,0,29.46
ETH,WETH,Aave v3 Ethereum,Ethereum,USDC,0.403,fluid-lending USDT vault,Ethereum,USDT,1.036,0.51,58.22,1.701,4.672,4.334,37.5,0.211,1.58,5,0,25.88
ETH,WSTETH,Aave v3 Ethereum,Ethereum,USDT,0.393,OKX Simple Earn,OKX,USDC,0.966,0.487,54.31,2.448,4.357,2.063,4.4,0.269,1.586,5,0,31.29
ETH,WETH,Aave v3 Arbitrum,Arbitrum,USDC,0.4,Lend USDC on aave-v3,Ethereum,USDC,0.784,0.465,44.06,1.53,4.058,3.435,11.8,-0.314,1.612,5,0,28.3
ETH,WETH,Aave v3 Arbitrum,Arbitrum,USDC,0.4,fluid-lending USDT vault,Ethereum,USDT,1.095,0.452,61.63,1.53,4.058,4.334,57.0,-0.098,1.612,5,0,30.18
ETH,WSTETH,Aave v3 Arbitrum,Arbitrum,USDC,0.375,Gate Uni lending,Gate,USDT,1.238,0.451,69.55,2.445,4.058,1.57,0.5,0.788,1.62,5,0,15.25
ETH,WSTETH,Aave v3 Base,Base,USDC,0.375,OKX Simple Earn,OKX,USDC,1.045,0.446,58.6,2.451,4.996,2.063,1.6,0.599,1.615,5,0,13.51
ETH,WSTETH,Aave v3 Ethereum,Ethereum,USDT,0.393,OKX Simple Earn,OKX,USDT,0.921,0.441,51.7,2.448,4.357,1.87,0.5,0.448,1.586,5,0,29.46
ETH,WSTETH,Morpho WSTETH/USDC 86.0% (Ethereum),Ethereum,USDC,0.43,Gate Uni lending,Gate,USDC,1.134,0.428,63.81,2.444,4.204,2.395,3.0,0.401,1.539,5,0,29.46
ETH,WETH,Aave v3 Arbitrum,Arbitrum,USDC,0.4,Kamino (Solana),Solana,USDT,0.786,0.426,44.07,1.53,4.058,2.85,22.2,-0.003,1.612,5,0,12.28
ETH,WSTETH,Aave v3 Ethereum,Ethereum,USDT,0.393,Gate Uni lending,Gate,USDC,1.086,0.41,61.05,2.448,4.357,2.395,3.6,0.311,1.586,5,0,31.29
ETH,WSTETH,Aave v3 Ethereum,Ethereum,USDC,0.393,OKX Simple Earn,OKX,USDC,0.887,0.408,49.83,2.448,4.672,2.063,1.9,0.418,1.585,5,0,29.46
ETH,WSTETH,Aave v3 Base,Base,USDC,0.375,Lend USDS on sparklend,Ethereum,USDS,0.885,0.4,49.77,2.451,4.996,2.7,0.3,0.138,1.615,5,0,37.83
ETH,WSTETH,Morpho WSTETH/USDC 86.0% (Ethereum),Ethereum,USDC,0.43,OKX Simple Earn,OKX,USDT,0.881,0.391,49.52,2.444,4.204,1.87,0.0,0.278,1.539,5,0,31.46
ETH,WETH,Aave v3 Ethereum,Ethereum,USDC,0.403,Lend USDT on aave-v3,Ethereum,USDT,0.58,0.38,32.54,1.701,4.672,3.132,3.3,-0.375,1.58,5,0,25.88
ETH,WSTETH,Aave v3 Base,Base,USDC,0.375,Gate Uni lending,Gate,USDC,1.158,0.372,65.01,2.451,4.996,2.395,2.2,0.727,1.615,5,0,13.51
ETH,WETH,Aave v3 Base,Base,CBBTC,0.4,OKX Simple Earn,OKX,BTC,1.263,0.368,71.11,1.656,0.825,0.528,28.8,0.519,1.687,1,0,16.49
ETH,WSTETH,Morpho WSTETH/USDT 86.0% (Ethereum),Ethereum,USDT,0.43,Stake DAI -> SDAI (sky-lending),Ethereum,DAI,0.809,0.362,45.46,2.444,3.713,1.263,0.0,-0.198,1.541,5,0,33.96
ETH,WSTETH,Morpho WSTETH/USDT 86.0% (Ethereum),Ethereum,USDT,0.43,Gate Uni lending,Gate,USDT,1.059,0.352,59.56,2.444,3.713,1.57,2.5,0.128,1.541,5,0,29.46
ETH,WSTETH,Aave v3 Base,Base,USDC,0.375,OKX Simple Earn,OKX,USDT,0.939,0.34,52.63,2.451,4.996,1.87,0.5,0.406,1.615,5,0,15.25
ETH,WETH,Aave v3 Ethereum,Ethereum,USDT,0.403,Lend USDS on sparklend,Ethereum,USDS,0.533,0.333,29.88,1.701,4.357,2.7,0.5,-0.116,1.581,5,0,25.88
ETH,WSTETH,Aave v3 Ethereum,Ethereum,USDC,0.393,Gate Uni lending,Gate,USDC,1.007,0.331,56.57,2.448,4.672,2.395,3.0,0.461,1.585,5,0,29.46
ETH,WETH,Aave v3 Arbitrum,Arbitrum,USDC,0.4,Lend USDT on aave-v3,Ethereum,USDT,0.642,0.322,36.04,1.53,4.058,3.132,9.6,-0.698,1.612,5,0,30.17
ETH,WETH,Aave v3 Arbitrum,Arbitrum,WBTC,0.4,OKX Simple Earn,OKX,BTC,1.201,0.305,67.64,1.53,0.86,0.528,44.7,0.496,1.711,1,0,16.5
ETH,WSTETH,Aave v3 Ethereum,Ethereum,USDC,0.393,OKX Simple Earn,OKX,USDT,0.776,0.297,43.57,2.448,4.672,1.87,0.5,0.415,1.585,5,0,31.28
ETH,WETH,Aave v3 Ethereum,Ethereum,USDT,0.403,Kamino (Solana),Solana,USDT,0.51,0.269,28.57,1.701,4.357,2.85,19.7,-0.656,1.581,5,0,26.39
ETH,WETH,Aave v3 Base,Base,USDC,0.4,fluid-lending USDC vault,Ethereum,USDC,0.893,0.25,50.11,1.656,4.996,4.631,35.6,-0.04,1.587,5,0,28.31
ETH,WETH,Aave v3 Base,Base,USDC,0.4,Stake USDS -> SUSDS (sky-lending),Ethereum,USDS,0.582,0.246,32.62,1.656,4.996,3.876,4.4,-0.507,1.587,5,0,30.17
ETH,WETH,Aave v3 Ethereum,Ethereum,CBBTC,0.403,Bitfinex funding,Bitfinex,BTC,1.122,0.242,63.13,1.701,0.288,0.003,0.0,0.064,1.68,1,0,25.22
ETH,WETH,Aave v3 Base,Base,USDC,0.4,Stake USDE -> SUSDE (ethena-usde),Ethereum,USDE,0.722,0.241,40.51,1.656,4.996,4.238,15.9,-0.446,1.587,5,0,30.18
ETH,WETH,Aave v3 Ethereum,Ethereum,USDC,0.403,Lend USDS on sparklend,Ethereum,USDS,0.418,0.218,23.44,1.701,4.672,2.7,0.3,-0.452,1.58,5,0,25.87
ETH,WETH,Aave v3 Ethereum,Ethereum,WBTC,0.403,Bitfinex funding,Bitfinex,BTC,1.098,0.218,61.8,1.701,0.343,0.003,0.0,0.031,1.68,1,0,25.22
ETH,WETH,Aave v3 Ethereum,Ethereum,CBBTC,0.403,Gate Uni lending,Gate,BTC,1.2,0.217,67.55,1.701,0.288,0.173,21.6,0.193,1.68,1,0,25.23
ETH,WSTETH,Aave v3 Base,Base,USDC,0.375,Lend USDE on aave-v3,Ethereum,USDE,0.691,0.204,38.75,2.451,4.996,2.347,5.2,-0.359,1.615,5,0,37.83
ETH,WETH,Aave v3 Ethereum,Ethereum,WBTC,0.403,Gate Uni lending,Gate,BTC,1.176,0.194,66.22,1.701,0.343,0.173,12.9,0.16,1.68,1,0,25.23
ETH,WETH,Aave v3 Arbitrum,Arbitrum,USDC,0.4,OKX Simple Earn,OKX,USDC,0.625,0.185,35.01,1.53,4.058,2.063,3.6,-0.067,1.612,5,0,5.55
ETH,WETH,Aave v3 Arbitrum,Arbitrum,USDC,0.4,Lend USDS on sparklend,Ethereum,USDS,0.48,0.161,26.97,1.53,4.058,2.7,0.8,-0.775,1.612,5,0,30.16
ETH,WSTETH,Aave v3 Ethereum,Ethereum,USDT,0.393,Stake DAI -> SDAI (sky-lending),Ethereum,DAI,0.589,0.15,33.06,2.448,4.357,1.263,0.0,-0.115,1.586,5,0,33.78
ETH,WSTETH,Aave v3 Ethereum,Ethereum,USDT,0.393,Gate Uni lending,Gate,USDT,0.821,0.146,46.12,2.448,4.357,1.57,0.5,0.307,1.586,5,0,29.46
ETH,WSTETH,Aave v3 Arbitrum,Arbitrum,USDC,0.375,Stake DAI -> SDAI (sky-lending),Ethereum,DAI,0.688,0.127,38.62,2.445,4.058,1.263,0.0,-0.214,1.62,5,0,37.82
ETH,WETH,Aave v3 Ethereum,Ethereum,USDT,0.403,Lend USDE on aave-v3,Ethereum,USDE,0.322,0.122,18.05,1.701,4.357,2.347,4.4,-0.776,1.581,5,0,25.87
ETH,WETH,OKX margin,OKX,USDT,0.35,Stake USDC -> SYRUPUSDC (maple),Ethereum,USDC,0.55,0.122,30.93,0.0,2.879,5.251,100.0,-0.139,1.861,5,0,21.65
ETH,WETH,Aave v3 Ethereum,Ethereum,USDC,0.403,Kamino (Solana),Solana,USDT,0.361,0.121,20.23,1.701,4.672,2.85,7.9,-0.744,1.58,5,0,28.26
ETH,WETH,OKX margin,OKX,USDC,0.35,Stake USDC -> SYRUPUSDC (maple),Ethereum,USDC,0.539,0.111,30.31,0.0,2.982,5.251,98.6,-0.228,1.861,5,0,20.0
ETH,WSTETH,Morpho WSTETH/USDC 86.0% (Ethereum),Ethereum,USDC,0.43,Stake DAI -> SDAI (sky-lending),Ethereum,DAI,0.558,0.111,31.31,2.444,4.204,1.263,0.0,0.009,1.539,5,0,33.96
ETH,WETH,Aave v3 Arbitrum,Arbitrum,USDC,0.4,Gate Uni lending,Gate,USDC,0.747,0.106,41.88,1.53,4.058,2.395,2.7,-0.151,1.612,5,0,5.55
ETH,WETH,Aave v3 Base,Base,USDC,0.4,Lend USDC on aave-v3,Ethereum,USDC,0.423,0.103,23.69,1.656,4.996,3.435,3.8,-0.649,1.587,5,0,28.3
ETH,WETH,Aave v3 Base,Base,USDC,0.4,fluid-lending USDT vault,Ethereum,USDT,0.733,0.091,41.12,1.656,4.996,4.334,26.3,-0.604,1.587,5,0,30.18
ETH,WETH,OKX margin,OKX,USDT,0.35,Bitfinex funding,Bitfinex,USDT,0.68,0.091,38.19,0.0,2.879,4.979,85.5,-0.012,1.861,5,0,7.0
ETH,WETH,OKX margin,OKX,USDT,0.35,morpho-blue GTUSDCP vault,Base,USDC,0.683,0.076,38.38,0.0,2.879,4.747,98.1,0.084,1.861,5,0,4.24
ETH,WETH,Aave v3 Arbitrum,Arbitrum,USDC,0.4,OKX Simple Earn,OKX,USDT,0.511,0.071,28.63,1.53,4.058,1.87,1.4,-0.142,1.612,5,0,7.41
ETH,WSTETH,Morpho WSTETH/USDC 86.0% (Ethereum),Ethereum,USDC,0.43,Gate Uni lending,Gate,USDT,0.773,0.066,43.39,2.444,4.204,1.57,0.0,0.248,1.539,5,0,31.46
ETH,WETH,Aave v3 Base,Base,USDC,0.4,Kamino (Solana),Solana,USDT,0.425,0.065,23.76,1.656,4.996,2.85,7.9,-0.707,1.587,5,0,12.28
ETH,WETH,OKX margin,OKX,USDC,0.35,morpho-blue GTUSDCP vault,Base,USDC,0.673,0.065,37.77,0.0,2.982,4.747,95.9,0.095,1.861,5,0,2.6
ETH,WSTETH,Aave v3 Base,Base,USDC,0.375,Gate Uni lending,Gate,USDT,0.845,0.059,47.34,2.451,4.996,1.57,0.5,0.458,1.615,5,0,15.25
ETH,WSTETH,Aave v3 Ethereum,Ethereum,USDC,0.393,Stake DAI -> SDAI (sky-lending),Ethereum,DAI,0.478,0.038,26.77,2.448,4.672,1.263,0.0,-0.157,1.585,5,0,33.78
ETH,WETH,Aave v3 Base,Base,CBBTC,0.4,Bitfinex funding,Bitfinex,BTC,1.019,0.024,57.27,1.656,0.825,0.003,0.0,0.091,1.687,1,0,16.48
ETH,WETH,OKX margin,OKX,USDC,0.35,Bitfinex funding,Bitfinex,USDT,0.611,0.021,34.29,0.0,2.982,4.979,83.8,-0.108,1.861,5,0,8.64
ETH,WETH,Aave v3 Ethereum,Ethereum,USDC,0.403,Lend USDE on aave-v3,Ethereum,USDE,0.207,0.007,11.61,1.701,4.672,2.347,3.3,-0.78,1.58,5,0,25.87
ETH,WSTETH,Aave v3 Ethereum,Ethereum,USDC,0.393,Gate Uni lending,Gate,USDT,0.677,0.002,38.0,2.448,4.672,1.57,0.5,0.385,1.585,5,0,31.28
ETH,WETH,OKX margin,OKX,USDT,0.35,morpho-blue SPARKUSDC vault,Base,USDC,0.608,0.0,34.12,0.0,2.879,4.515,97.3,-0.066,1.861,5,0,4.24
ETH,WETH,Aave v3 Base,Base,CBBTC,0.4,Gate Uni lending,Gate,BTC,1.097,0.0,61.66,1.656,0.825,0.173,0.0,0.217,1.687,1,0,16.48
ETH,WETH,OKX margin,OKX,USDT,0.35,Bitfinex funding,Bitfinex,USD,0.585,-0.005,32.84,0.0,2.879,4.982,94.2,0.149,1.861,5,0,12.48
ETH,WETH,OKX margin,OKX,USDC,0.35,morpho-blue SPARKUSDC vault,Base,USDC,0.597,-0.01,33.51,0.0,2.982,4.515,93.4,-0.054,1.861,5,0,2.6
ETH,WETH,Aave v3 Base,Base,USDC,0.4,Lend USDT on aave-v3,Ethereum,USDT,0.281,-0.039,15.73,1.656,4.996,3.132,4.1,-0.679,1.587,5,0,30.16
ETH,WETH,Aave v3 Arbitrum,Arbitrum,WBTC,0.4,Bitfinex funding,Bitfinex,BTC,0.957,-0.039,53.8,1.53,0.86,0.003,0.0,0.24,1.711,1,0,16.48
ETH,WETH,Aave v3 Ethereum,Ethereum,USDT,0.403,OKX Simple Earn,OKX,USDC,0.281,-0.04,15.73,1.701,4.357,2.063,4.4,-0.532,1.581,5,0,23.37
ETH,WETH,OKX margin,OKX,USDC,0.35,Bitfinex funding,Bitfinex,USD,0.545,-0.045,30.58,0.0,2.982,4.982,91.8,0.001,1.861,5,0,12.48
ETH,WETH,Aave v3 Arbitrum,Arbitrum,USDC,0.4,Lend USDE on aave-v3,Ethereum,USDE,0.272,-0.048,15.21,1.53,4.058,2.347,6.3,-0.531,1.612,5,0,30.16
ETH,WETH,Aave v3 Arbitrum,Arbitrum,WBTC,0.4,Gate Uni lending,Gate,BTC,1.034,-0.063,58.19,1.53,0.86,0.173,3.8,0.358,1.711,1,0,16.49
ETH,WETH,OKX margin,OKX,USDT,0.35,Stake USDT -> SYRUPUSDT (maple),Ethereum,USDT,0.4,-0.064,22.45,0.0,2.879,4.751,100.0,-0.356,1.861,5,0,20.0
ETH,WETH,Aave v3 Ethereum,Ethereum,USDT,0.403,OKX Simple Earn,OKX,USDT,0.233,-0.088,13.06,1.701,4.357,1.87,0.5,-0.584,1.581,5,0,21.5
ETH,WETH,Aave v3 Ethereum,Ethereum,USDT,0.403,Gate Uni lending,Gate,USDC,0.404,-0.119,22.63,1.701,4.357,2.395,3.6,-0.58,1.581,5,0,23.37
ETH,WETH,Aave v3 Ethereum,Ethereum,USDC,0.403,OKX Simple Earn,OKX,USDC,0.199,-0.122,11.16,1.701,4.672,2.063,1.9,-0.552,1.58,5,0,21.5
ETH,WETH,OKX margin,OKX,USDT,0.35,Kamino (Solana),Solana,USDC,0.296,-0.133,16.58,0.0,2.879,3.932,73.7,-0.342,1.861,5,0,3.76
ETH,WETH,OKX margin,OKX,USDC,0.35,Stake USDT -> SYRUPUSDT (maple),Ethereum,USDT,0.331,-0.134,18.55,0.0,2.982,4.751,97.0,-0.527,1.861,5,0,21.64
ETH,WETH,OKX margin,OKX,USDC,0.35,Kamino (Solana),Solana,USDC,0.285,-0.143,15.97,0.0,2.982,3.932,71.0,-0.329,1.861,5,0,2.12
ETH,WETH,OKX margin,OKX,USDT,0.35,morpho-blue STEAKUSDC vault,Base,USDC,0.531,-0.148,29.82,0.0,2.879,4.259,86.3,-0.288,1.861,5,0,4.24
ETH,WETH,OKX margin,OKX,USDC,0.35,morpho-blue STEAKUSDC vault,Base,USDC,0.521,-0.159,29.22,0.0,2.982,4.259,83.0,-0.283,1.861,5,0,2.6
ETH,WETH,Aave v3 Base,Base,USDC,0.4,OKX Simple Earn,OKX,USDC,0.266,-0.174,14.84,1.656,4.996,2.063,1.6,-0.507,1.587,5,0,5.55
ETH,WETH,Aave v3 Base,Base,USDC,0.4,Lend USDS on sparklend,Ethereum,USDS,0.12,-0.199,6.74,1.656,4.996,2.7,0.3,-0.799,1.587,5,0,30.16
ETH,WETH,Aave v3 Ethereum,Ethereum,USDC,0.403,Gate Uni lending,Gate,USDC,0.322,-0.201,18.05,1.701,4.672,2.395,3.0,-0.599,1.58,5,0,21.5
ETH,WETH,Aave v3 Arbitrum,Arbitrum,USDC,0.4,Gate Uni lending,Gate,USDT,0.41,-0.23,22.96,1.53,4.058,1.57,0.5,-0.208,1.612,5,0,7.41
ETH,WETH,Aave v3 Ethereum,Ethereum,USDC,0.403,OKX Simple Earn,OKX,USDT,0.085,-0.236,4.75,1.701,4.672,1.87,0.5,-0.617,1.58,5,0,23.37
ETH,WETH,Aave v3 Base,Base,USDC,0.4,Gate Uni lending,Gate,USDC,0.388,-0.253,21.66,1.656,4.996,2.395,2.2,-0.351,1.587,5,0,5.55
ETH,WSTETH,Aave v3 Base,Base,USDC,0.375,Stake DAI -> SDAI (sky-lending),Ethereum,DAI,0.294,-0.268,16.44,2.451,4.996,1.263,0.0,-0.89,1.615,5,0,37.81
ETH,WETH,Aave v3 Base,Base,USDC,0.4,OKX Simple Earn,OKX,USDT,0.152,-0.288,8.49,1.656,4.996,1.87,0.5,-0.705,1.587,5,0,7.4
ETH,WETH,Aave v3 Ethereum,Ethereum,USDT,0.403,Stake DAI -> SDAI (sky-lending),Ethereum,DAI,-0.106,-0.387,-5.94,1.701,4.357,1.263,0.0,-1.047,1.581,5,0,25.86
ETH,WETH,Aave v3 Ethereum,Ethereum,USDT,0.403,Gate Uni lending,Gate,USDT,0.132,-0.391,7.36,1.701,4.357,1.57,0.5,-0.659,1.581,5,0,21.5
ETH,WETH,OKX margin,OKX,USDT,0.35,Stake USDS -> SUSDS (sky-lending),Ethereum,USDS,0.003,-0.404,0.18,0.0,2.879,3.876,98.1,-0.524,1.861,5,0,21.64
ETH,WETH,OKX margin,OKX,USDT,0.35,Stake USDE -> SUSDE (ethena-usde),Ethereum,USDE,0.128,-0.408,7.15,0.0,2.879,4.238,99.2,-0.557,1.861,5,0,21.64
ETH,WETH,Aave v3 Base,Base,USDC,0.4,Lend USDE on aave-v3,Ethereum,USDE,-0.09,-0.409,-5.0,1.656,4.996,2.347,5.2,-1.311,1.587,5,0,30.15
ETH,WETH,OKX margin,OKX,USDT,0.35,fluid-lending USDC vault,Ethereum,USDC,0.25,-0.429,14.0,0.0,2.879,4.631,94.0,-0.77,1.861,5,0,21.64
ETH,WETH,OKX margin,OKX,USDC,0.35,fluid-lending USDC vault,Ethereum,USDC,0.239,-0.44,13.39,0.0,2.982,4.631,94.2,-0.771,1.861,5,0,20.0
ETH,WETH,OKX margin,OKX,USDC,0.35,Stake USDS -> SUSDS (sky-lending),Ethereum,USDS,-0.037,-0.444,-2.06,0.0,2.982,3.876,94.5,-0.757,1.861,5,0,21.64
ETH,WETH,OKX margin,OKX,USDC,0.35,Stake USDE -> SUSDE (ethena-usde),Ethereum,USDE,0.087,-0.448,4.9,0.0,2.982,4.238,95.6,-0.649,1.861,5,0,21.64
ETH,WETH,OKX margin,OKX,USDT,0.35,Kamino (Solana),Solana,USDT,-0.069,-0.498,-3.87,0.0,2.879,2.85,50.7,-1.087,1.861,5,0,2.12
ETH,WETH,Aave v3 Ethereum,Ethereum,USDC,0.403,Stake DAI -> SDAI (sky-lending),Ethereum,DAI,-0.221,-0.502,-12.37,1.701,4.672,1.263,0.0,-1.09,1.58,5,0,25.86
ETH,WETH,OKX margin,OKX,USDT,0.35,fluid-lending USDT vault,Ethereum,USDT,0.167,-0.512,9.36,0.0,2.879,4.334,91.5,-0.895,1.861,5,0,20.0
ETH,WETH,Aave v3 Ethereum,Ethereum,USDC,0.403,Gate Uni lending,Gate,USDT,-0.017,-0.539,-0.94,1.701,4.672,1.57,0.5,-0.68,1.58,5,0,23.37
ETH,WETH,OKX margin,OKX,SOL,0.35,Kamino (Solana),Solana,JITOSOL,-0.04,-0.554,-2.24,0.0,5.472,5.623,91.8,-1.03,2.057,3,0,3.27
ETH,WETH,Aave v3 Arbitrum,Arbitrum,USDC,0.4,Stake DAI -> SDAI (sky-lending),Ethereum,DAI,-0.155,-0.555,-8.67,1.53,4.058,1.263,0.0,-1.213,1.612,5,0,30.14
ETH,WETH,OKX margin,OKX,USDT,0.35,Lend USDC on aave-v3,Ethereum,USDC,-0.167,-0.56,-9.34,0.0,2.879,3.435,67.1,-1.093,1.861,5,0,21.63
ETH,WETH,OKX margin,OKX,USDC,0.35,Kamino (Solana),Solana,USDT,-0.138,-0.568,-7.73,0.0,2.982,2.85,46.6,-1.104,1.861,5,0,3.75
ETH,WETH,OKX margin,OKX,USDC,0.35,Lend USDC on aave-v3,Ethereum,USDC,-0.178,-0.571,-9.94,0.0,2.982,3.435,62.2,-1.094,1.861,5,0,20.0
ETH,WETH,OKX margin,OKX,USDC,0.35,fluid-lending USDT vault,Ethereum,USDT,0.098,-0.581,5.47,0.0,2.982,4.334,88.5,-0.91,1.861,5,0,21.64
ETH,WETH,Aave v3 Base,Base,USDC,0.4,Gate Uni lending,Gate,USDT,0.052,-0.588,2.87,1.656,4.996,1.57,0.5,-0.561,1.587,5,0,7.4
ETH,WETH,OKX margin,OKX,USDT,0.35,Lend USDT on aave-v3,Ethereum,USDT,-0.234,-0.628,-13.1,0.0,2.879,3.132,47.7,-1.255,1.861,5,0,20.0
ETH,WETH,OKX margin,OKX,SOL,0.35,Kamino (Solana),Solana,SOL,-0.24,-0.67,-13.4,0.0,5.472,5.122,47.1,-1.422,2.057,3,0,0.37
ETH,WETH,OKX margin,OKX,USDC,0.35,Lend USDT on aave-v3,Ethereum,USDT,-0.303,-0.697,-16.97,0.0,2.982,3.132,44.1,-1.263,1.861,5,0,21.63
ETH,WETH,Morpho WETH/USDC 86.0% (Base),Base,USDC,0.43,Bitfinex funding,Bitfinex,USDT,-0.291,-0.787,-16.25,0.0,5.241,4.979,42.7,-1.155,1.525,5,0,7.55
ETH,WETH,OKX margin,OKX,USDT,0.35,Lend USDS on sparklend,Ethereum,USDS,-0.406,-0.799,-22.69,0.0,2.879,2.7,27.1,-1.086,1.861,5,0,21.63
ETH,WETH,Morpho WETH/USDC 86.0% (Base),Base,USDC,0.43,Stake USDC -> SYRUPUSDC (maple),Ethereum,USDC,-0.504,-0.804,-28.16,0.0,5.241,5.251,59.2,-1.699,1.525,5,0,28.51
ETH,WETH,OKX margin,OKX,USDT,0.35,OKX Simple Earn,OKX,USDC,-0.309,-0.809,-17.22,0.0,2.879,2.063,10.7,-0.681,1.861,5,0,1.63
ETH,WETH,OKX margin,OKX,USDC,0.35,Lend USDS on sparklend,Ethereum,USDS,-0.446,-0.839,-24.91,0.0,2.982,2.7,27.7,-1.319,1.861,5,0,21.63
ETH,WETH,Morpho WETH/USDC 86.0% (Base),Base,USDC,0.43,Bitfinex funding,Bitfinex,USD,-0.372,-0.868,-20.76,0.0,5.241,4.982,40.3,-0.929,1.525,5,0,12.23
ETH,WETH,Aave v3 Base,Base,USDC,0.4,Stake DAI -> SDAI (sky-lending),Ethereum,DAI,-0.515,-0.915,-28.72,1.656,4.996,1.263,0.0,-1.897,1.587,5,0,30.13
ETH,WETH,OKX margin,OKX,USDC,0.35,OKX Simple Earn,OKX,USDT,-0.42,-0.92,-23.4,0.0,2.982,1.87,1.9,-0.731,1.861,5,0,1.62
ETH,WETH,OKX margin,OKX,BTC,0.35,Lend CBBTC on aave-v3,Base,CBBTC,-0.473,-0.938,-26.4,0.0,0.788,0.033,0.0,-0.379,1.965,1,0,10.65
ETH,WETH,OKX margin,OKX,BTC,0.35,Lend WBTC on aave-v3,Arbitrum,WBTC,-0.475,-0.939,-26.47,0.0,0.788,0.037,0.0,-0.391,1.965,1,0,10.65
ETH,WETH,OKX margin,OKX,USDT,0.35,Lend USDE on aave-v3,Ethereum,USDE,-0.591,-0.985,-32.99,0.0,2.879,2.347,33.7,-1.666,1.861,5,0,21.63
ETH,WETH,OKX margin,OKX,USDT,0.35,Gate Uni lending,Gate,USDC,-0.326,-1.003,-18.19,0.0,2.879,2.395,13.4,-0.736,1.861,5,0,8.63
ETH,WETH,OKX margin,OKX,BTC,0.35,Lend CBBTC on sparklend,Ethereum,CBBTC,-0.613,-1.007,-34.21,0.0,0.788,0.01,0.0,-1.154,1.965,1,0,17.9
ETH,WETH,OKX margin,OKX,BTC,0.35,Lend WBTC on aave-v3,Ethereum,WBTC,-0.614,-1.008,-34.28,0.0,0.788,0.006,0.0,-1.163,1.965,1,0,17.9
ETH,WETH,OKX margin,OKX,BTC,0.35,Lend TBTC on aave-v3,Ethereum,TBTC,-0.615,-1.008,-34.29,0.0,0.788,0.004,0.0,-1.162,1.965,1,0,17.9
ETH,WETH,OKX margin,OKX,BTC,0.35,Lend CBBTC on aave-v3,Ethereum,CBBTC,-0.616,-1.009,-34.35,0.0,0.788,0.002,0.0,-1.164,1.965,1,0,17.9
ETH,WETH,OKX margin,OKX,USDC,0.35,Gate Uni lending,Gate,USDC,-0.337,-1.014,-18.79,0.0,2.982,2.395,12.1,-0.821,1.861,5,0,7.0
ETH,WETH,OKX margin,OKX,USDC,0.35,Lend USDE on aave-v3,Ethereum,USDE,-0.631,-1.025,-35.21,0.0,2.982,2.347,29.3,-1.674,1.861,5,0,21.63
ETH,WETH,Morpho WETH/USDC 86.0% (Base),Base,USDC,0.43,Stake USDT -> SYRUPUSDT (maple),Ethereum,USDT,-0.76,-1.104,-42.41,0.0,5.241,4.751,14.0,-1.839,1.525,5,0,30.51
ETH,WETH,OKX margin,OKX,SOL,0.35,Gate Uni lending,Gate,SOL,-0.51,-1.185,-28.44,0.0,5.472,4.268,4.7,-1.665,2.057,3,0,0.5
ETH,WETH,Morpho WETH/USDC 86.0% (Base),Base,USDC,0.43,Kamino (Solana),Solana,USDC,-0.892,-1.192,-49.56,0.0,5.241,3.932,15.6,-2.174,1.525,5,0,10.62
ETH,WETH,OKX margin,OKX,USDT,0.35,Gate Uni lending,Gate,USDT,-0.566,-1.242,-31.54,0.0,2.879,1.57,4.1,-1.158,1.861,5,0,7.0
ETH,WETH,OKX margin,OKX,SOL,0.35,Bitfinex funding,Bitfinex,SOL,-0.668,-1.256,-37.24,0.0,5.472,3.605,4.1,-2.192,2.057,3,0,0.5
ETH,WETH,OKX margin,OKX,USDC,0.35,Gate Uni lending,Gate,USDT,-0.635,-1.311,-35.37,0.0,2.982,1.57,4.1,-1.17,1.861,5,0,8.62
ETH,WETH,OKX margin,OKX,USDT,0.35,Stake DAI -> SDAI (sky-lending),Ethereum,DAI,-0.968,-1.433,-53.94,0.0,2.879,1.263,4.1,-1.598,1.861,5,0,21.62
ETH,WETH,OKX margin,OKX,USDC,0.35,Stake DAI -> SDAI (sky-lending),Ethereum,DAI,-1.008,-1.473,-56.15,0.0,2.982,1.263,4.1,-1.709,1.861,5,0,21.62
ETH,WETH,Morpho WETH/USDC 86.0% (Base),Base,USDC,0.43,fluid-lending USDC vault,Ethereum,USDC,-0.877,-1.481,-48.84,0.0,5.241,4.631,26.6,-2.171,1.525,5,0,28.51
ETH,WETH,Morpho WETH/USDC 86.0% (Base),Base,USDC,0.43,Stake USDS -> SUSDS (sky-lending),Ethereum,USDS,-1.213,-1.487,-67.48,0.0,5.241,3.876,2.5,-2.683,1.525,5,0,30.5
ETH,WETH,Morpho WETH/USDC 86.0% (Base),Base,USDC,0.43,Stake USDE -> SUSDE (ethena-usde),Ethereum,USDE,-1.061,-1.492,-59.09,0.0,5.241,4.238,10.1,-2.609,1.525,5,0,30.5
ETH,WETH,OKX margin,OKX,BTC,0.35,Bitfinex funding,Bitfinex,BTC,-0.563,-1.551,-31.43,0.0,0.788,0.003,0.0,-1.705,1.965,1,0,15.0
ETH,WETH,OKX margin,OKX,BTC,0.35,Gate Uni lending,Gate,BTC,-0.494,-1.571,-27.59,0.0,0.788,0.173,0.0,-1.608,1.965,1,0,15.0
ETH,WETH,Morpho WETH/USDC 86.0% (Base),Base,USDC,0.43,Lend USDC on aave-v3,Ethereum,USDC,-1.387,-1.643,-77.05,0.0,5.241,3.435,4.1,-2.837,1.525,5,0,28.5
ETH,WETH,Morpho WETH/USDC 86.0% (Base),Base,USDC,0.43,fluid-lending USDT vault,Ethereum,USDT,-1.05,-1.655,-58.46,0.0,5.241,4.334,17.5,-2.787,1.525,5,0,30.5
ETH,WETH,Morpho WETH/USDC 86.0% (Base),Base,USDC,0.43,Kamino (Solana),Solana,USDT,-1.412,-1.712,-78.28,0.0,5.241,2.85,6.8,-2.545,1.525,5,0,12.6
ETH,WETH,Morpho WETH/USDC 86.0% (Base),Base,USDC,0.43,Lend USDT on aave-v3,Ethereum,USDT,-1.541,-1.797,-85.55,0.0,5.241,3.132,4.7,-2.848,1.525,5,0,30.48
ETH,WETH,Morpho WETH/USDC 86.0% (Base),Base,USDC,0.43,Lend USDS on sparklend,Ethereum,USDS,-1.714,-1.971,-95.12,0.0,5.241,2.7,1.1,-2.998,1.525,5,0,30.48
ETH,WETH,Morpho WETH/USDC 86.0% (Base),Base,USDC,0.43,OKX Simple Earn,OKX,USDC,-1.588,-1.974,-87.9,0.0,5.241,2.063,1.4,-2.411,1.525,5,0,5.55
ETH,WETH,Morpho WETH/USDC 86.0% (Base),Base,USDC,0.43,Gate Uni lending,Gate,USDC,-1.455,-2.057,-80.62,0.0,5.241,2.395,2.5,-2.435,1.525,5,0,5.55
ETH,WETH,Morpho WETH/USDC 86.0% (Base),Base,USDC,0.43,OKX Simple Earn,OKX,USDT,-1.712,-2.098,-94.71,0.0,5.241,1.87,0.8,-2.681,1.525,5,0,7.53
ETH,WETH,Morpho WETH/USDC 86.0% (Base),Base,USDC,0.43,Lend USDE on aave-v3,Ethereum,USDE,-1.945,-2.201,-107.71,0.0,5.241,2.347,4.7,-3.55,1.525,5,0,30.47
ETH,WETH,Morpho WETH/USDC 86.0% (Base),Base,USDC,0.43,Gate Uni lending,Gate,USDT,-1.82,-2.422,-100.68,0.0,5.241,1.57,0.8,-2.747,1.525,5,0,7.53
ETH,WETH,Morpho WETH/USDC 86.0% (Base),Base,USDC,0.43,Stake DAI -> SDAI (sky-lending),Ethereum,DAI,-2.408,-2.751,-133.07,0.0,5.241,1.263,0.0,-4.182,1.525,5,0,30.46
BTC,,,,,0,hold,,,0.0,0.0,0.0,0.0,0.0,0.0,100.0,0.0,,0,0,0.0
BTC,,,,,0,Lend CBBTC on sparklend,Ethereum,CBBTC,-0.297,-0.497,-19.24,0.0,0.0,0.01,100.0,0.0,,0,0,19.83
BTC,,,,,0,Lend WBTC on aave-v3,Ethereum,WBTC,-0.3,-0.5,-19.47,0.0,0.0,0.006,100.0,0.003,,0,0,19.83
BTC,,,,,0,Lend TBTC on aave-v3,Ethereum,TBTC,-0.302,-0.502,-19.54,0.0,0.0,0.004,100.0,0.0,,0,0,19.83
BTC,,,,,0,Lend CBBTC on aave-v3,Ethereum,CBBTC,-0.304,-0.504,-19.7,0.0,0.0,0.002,100.0,0.001,,0,0,19.83
BTC,,,,,0,Lend CBBTC on aave-v3,Base,CBBTC,-0.226,-0.626,-14.66,0.0,0.0,0.033,100.0,0.01,,0,0,16.93
BTC,,,,,0,Lend WBTC on aave-v3,Arbitrum,WBTC,-0.227,-0.627,-14.68,0.0,0.0,0.037,100.0,0.012,,0,0,16.93
BTC,,,,,0,OKX Simple Earn,OKX,BTC,0.57,-1.055,37.1,0.0,0.0,0.528,100.0,0.01,,0,0,0.0
BTC,,,,,0,Bitfinex funding,Bitfinex,BTC,0.003,-1.872,0.19,0.0,0.0,0.003,100.0,0.001,,0,0,0.0
BTC,,,,,0,Gate Uni lending,Gate,BTC,0.185,-1.94,12.03,0.0,0.0,0.173,100.0,0.06,,0,0,0.0
BTC,WBTC,Morpho WBTC/USDT 86.0% (Ethereum),Ethereum,USDT,0.43,Stake USDC -> SYRUPUSDC (maple),Ethereum,USDC,0.097,-0.147,6.29,0.0,3.733,5.251,89.6,-0.901,1.602,5,0,42.96
BTC,CBBTC,Morpho CBBTC/USDC 86.0% (Ethereum),Ethereum,USDC,0.43,Stake USDC -> SYRUPUSDC (maple),Ethereum,USDC,-0.1,-0.344,-6.53,0.0,4.188,5.251,94.8,-0.518,1.601,5,0,40.83
BTC,WBTC,Morpho WBTC/USDC 86.0% (Ethereum),Ethereum,USDC,0.43,Stake USDC -> SYRUPUSDC (maple),Ethereum,USDC,-0.116,-0.36,-7.57,0.0,4.221,5.251,92.3,-0.547,1.601,5,0,40.83
BTC,WBTC,Morpho WBTC/USDT 86.0% (Ethereum),Ethereum,USDT,0.43,Stake USDT -> SYRUPUSDT (maple),Ethereum,USDT,-0.091,-0.379,-5.93,0.0,3.733,4.751,83.8,-1.217,1.602,5,0,40.83
BTC,WBTC,Morpho WBTC/USDT 86.0% (Ethereum),Ethereum,USDT,0.43,Bitfinex funding,Bitfinex,USDT,0.014,-0.427,0.89,0.0,3.733,4.979,70.4,-1.052,1.602,5,0,38.33
BTC,WBTC,Aave v3 Arbitrum,Arbitrum,USDC,0.365,Bitfinex funding,Bitfinex,USDT,0.001,-0.528,0.08,0.037,4.058,4.979,65.2,-0.752,1.71,5,0,24.18
BTC,WBTC,Morpho WBTC/USDT 86.0% (Ethereum),Ethereum,USDT,0.43,Bitfinex funding,Bitfinex,USD,-0.091,-0.531,-5.89,0.0,3.733,4.982,77.8,-1.164,1.602,5,0,45.43
BTC,WBTC,Aave v3 Ethereum,Ethereum,USDT,0.365,Stake USDC -> SYRUPUSDC (maple),Ethereum,USDC,-0.294,-0.532,-19.13,0.006,4.357,5.251,94.5,-0.723,1.721,5,0,42.63
BTC,CBBTC,Aave v3 Ethereum,Ethereum,USDT,0.365,Stake USDC -> SYRUPUSDC (maple),Ethereum,USDC,-0.298,-0.535,-19.35,0.002,4.357,5.251,94.5,-0.725,1.721,5,0,42.63
BTC,WBTC,Aave v3 Arbitrum,Arbitrum,USDC,0.365,Stake USDC -> SYRUPUSDC (maple),Ethereum,USDC,-0.186,-0.549,-12.12,0.037,4.058,5.251,95.9,-0.675,1.71,5,0,44.88
BTC,WBTC,Aave v3 Ethereum,Ethereum,WETH,0.365,Stake WETH -> WBETH (binance-staked-eth),Ethereum,WETH,-0.385,-0.57,-24.94,0.006,2.365,2.509,87.4,-0.762,1.84,1,0,28.83
BTC,CBBTC,Aave v3 Ethereum,Ethereum,WETH,0.365,Stake WETH -> WBETH (binance-staked-eth),Ethereum,WETH,-0.388,-0.574,-25.17,0.002,2.365,2.509,87.4,-0.764,1.84,1,0,28.83
BTC,WBTC,Aave v3 Ethereum,Ethereum,WETH,0.365,Stake WETH -> WEETH (ether.fi-stake),Ethereum,WETH,-0.404,-0.589,-26.17,0.006,2.365,2.454,76.4,-0.829,1.84,1,0,28.83
BTC,WBTC,Aave v3 Arbitrum,Arbitrum,USDC,0.365,Bitfinex funding,Bitfinex,USD,-0.059,-0.589,-3.86,0.037,4.058,4.982,71.2,-0.647,1.71,5,0,28.4
BTC,WBTC,Aave v3 Ethereum,Ethereum,WETH,0.365,Stake WETH -> WSTETH (lido),Ethereum,WETH,-0.406,-0.591,-26.33,0.006,2.365,2.444,75.9,-0.831,1.84,1,0,28.83
BTC,CBBTC,Aave v3 Ethereum,Ethereum,WETH,0.365,Stake WETH -> WEETH (ether.fi-stake),Ethereum,WETH,-0.407,-0.593,-26.4,0.002,2.365,2.454,76.4,-0.831,1.84,1,0,28.83
BTC,CBBTC,Aave v3 Ethereum,Ethereum,WETH,0.365,Stake WETH -> WSTETH (lido),Ethereum,WETH,-0.41,-0.595,-26.55,0.002,2.365,2.444,75.9,-0.834,1.84,1,0,28.83
BTC,WBTC,Aave v3 Ethereum,Ethereum,USDC,0.365,Stake USDC -> SYRUPUSDC (maple),Ethereum,USDC,-0.374,-0.611,-24.3,0.006,4.672,5.251,90.7,-0.646,1.72,5,0,40.83
BTC,WBTC,Aave v3 Ethereum,Ethereum,WETH,0.365,Stake WETH -> CBETH (coinbase-wrapped-staked-eth),Ethereum,WETH,-0.37,-0.613,-23.96,0.006,2.365,2.546,86.8,-0.733,1.84,1,0,28.83
BTC,CBBTC,Aave v3 Ethereum,Ethereum,USDC,0.365,Stake USDC -> SYRUPUSDC (maple),Ethereum,USDC,-0.378,-0.615,-24.52,0.002,4.672,5.251,90.7,-0.649,1.72,5,0,40.83
BTC,CBBTC,Aave v3 Ethereum,Ethereum,WETH,0.365,Stake WETH -> CBETH (coinbase-wrapped-staked-eth),Ethereum,WETH,-0.373,-0.617,-24.19,0.002,2.365,2.546,86.8,-0.736,1.84,1,0,28.83
BTC,WBTC,Aave v3 Ethereum,Ethereum,WETH,0.365,Stake WETH -> LSETH (liquid-collective),Ethereum,WETH,-0.373,-0.617,-24.2,0.006,2.365,2.531,74.8,-0.768,1.84,1,0,28.83
BTC,CBBTC,Aave v3 Ethereum,Ethereum,WETH,0.365,Stake WETH -> LSETH (liquid-collective),Ethereum,WETH,-0.377,-0.62,-24.43,0.002,2.365,2.531,74.8,-0.771,1.84,1,0,28.83
BTC,WBTC,Morpho WBTC/USDT 86.0% (Ethereum),Ethereum,USDT,0.43,morpho-blue GTUSDCP vault,Base,USDC,-0.168,-0.631,-10.95,0.0,3.733,4.747,84.4,-1.018,1.602,5,0,46.0
BTC,CBBTC,Morpho CBBTC/USDC 86.0% (Ethereum),Ethereum,USDC,0.43,Stake USDT -> SYRUPUSDT (maple),Ethereum,USDT,-0.353,-0.641,-22.96,0.0,4.188,4.751,74.2,-0.772,1.601,5,0,42.95
BTC,CBBTC,Aave v3 Base,Base,WETH,0.365,Stake WETH -> WBETH (binance-staked-eth),Ethereum,WETH,-0.333,-0.646,-21.63,0.033,2.334,2.509,80.0,-0.539,1.842,1,0,28.21
BTC,WBTC,Aave v3 Arbitrum,Arbitrum,USDC,0.365,morpho-blue GTUSDCP vault,Base,USDC,-0.103,-0.652,-6.71,0.037,4.058,4.747,88.2,-0.501,1.71,5,0,27.48
BTC,WBTC,Aave v3 Arbitrum,Arbitrum,WETH,0.365,Stake WETH -> WBETH (binance-staked-eth),Ethereum,WETH,-0.341,-0.653,-22.1,0.037,2.344,2.509,72.1,-0.581,1.843,1,0,28.21
BTC,WBTC,Morpho WBTC/USDC 86.0% (Ethereum),Ethereum,USDC,0.43,Stake USDT -> SYRUPUSDT (maple),Ethereum,USDT,-0.369,-0.657,-24.0,0.0,4.221,4.751,72.3,-0.801,1.601,5,0,42.95
BTC,CBBTC,Aave v3 Base,Base,WETH,0.365,Stake WETH -> WEETH (ether.fi-stake),Ethereum,WETH,-0.352,-0.665,-22.85,0.033,2.334,2.454,65.5,-0.606,1.842,1,0,28.21
BTC,CBBTC,Aave v3 Base,Base,WETH,0.365,Stake WETH -> WSTETH (lido),Ethereum,WETH,-0.355,-0.667,-23.01,0.033,2.334,2.444,62.5,-0.609,1.842,1,0,28.21
BTC,WBTC,Aave v3 Arbitrum,Arbitrum,WETH,0.365,Stake WETH -> WEETH (ether.fi-stake),Ethereum,WETH,-0.36,-0.672,-23.32,0.037,2.344,2.454,68.8,-0.647,1.843,1,0,28.21
BTC,WBTC,Aave v3 Arbitrum,Arbitrum,WETH,0.365,Stake WETH -> WSTETH (lido),Ethereum,WETH,-0.362,-0.675,-23.48,0.037,2.344,2.444,66.3,-0.65,1.843,1,0,28.21
BTC,WBTC,Aave v3 Ethereum,Ethereum,WETH,0.365,Stake WETH -> OSETH (stakewise-v3),Ethereum,WETH,-0.433,-0.677,-28.06,0.006,2.365,2.378,73.2,-0.787,1.84,1,0,28.83
BTC,WBTC,Aave v3 Ethereum,Ethereum,WETH,0.365,Stake WETH -> ETHX (stader),Ethereum,WETH,-0.405,-0.678,-26.25,0.006,2.365,2.456,73.7,-0.785,1.84,1,0,28.83
BTC,CBBTC,Aave v3 Ethereum,Ethereum,WETH,0.365,Stake WETH -> OSETH (stakewise-v3),Ethereum,WETH,-0.436,-0.68,-28.29,0.002,2.365,2.378,73.2,-0.79,1.84,1,0,28.83
BTC,CBBTC,Aave v3 Ethereum,Ethereum,WETH,0.365,Stake WETH -> ETHX (stader),Ethereum,WETH,-0.408,-0.681,-26.48,0.002,2.365,2.456,73.7,-0.787,1.84,1,0,28.83
BTC,WBTC,Aave v3 Ethereum,Ethereum,WETH,0.365,Stake WETH -> RSETH (kelp),Ethereum,WETH,-0.394,-0.685,-25.53,0.006,2.365,2.5,81.6,-0.956,1.84,1,0,28.83
BTC,CBBTC,Aave v3 Ethereum,Ethereum,WETH,0.365,Stake WETH -> RSETH (kelp),Ethereum,WETH,-0.397,-0.688,-25.76,0.002,2.365,2.5,81.6,-0.959,1.84,1,0,28.83
BTC,CBBTC,Aave v3 Base,Base,WETH,0.365,Stake WETH -> CBETH (coinbase-wrapped-staked-eth),Ethereum,WETH,-0.318,-0.689,-20.65,0.033,2.334,2.546,81.4,-0.511,1.842,1,0,28.21
BTC,CBBTC,Morpho CBBTC/USDC 86.0% (Ethereum),Ethereum,USDC,0.43,Bitfinex funding,Bitfinex,USDT,-0.249,-0.689,-16.17,0.0,4.188,4.979,62.5,-0.941,1.601,5,0,40.45
BTC,CBBTC,Aave v3 Base,Base,WETH,0.365,Stake WETH -> LSETH (liquid-collective),Ethereum,WETH,-0.322,-0.693,-20.88,0.033,2.334,2.531,64.1,-0.476,1.842,1,0,28.21
BTC,WBTC,Aave v3 Ethereum,Ethereum,WETH,0.365,Stake WETH -> RETH (rocket-pool),Ethereum,WETH,-0.481,-0.696,-31.19,0.006,2.365,2.235,51.2,-0.875,1.84,1,0,28.83
BTC,WBTC,Aave v3 Arbitrum,Arbitrum,WETH,0.365,Stake WETH -> CBETH (coinbase-wrapped-staked-eth),Ethereum,WETH,-0.326,-0.697,-21.12,0.037,2.344,2.546,74.5,-0.552,1.843,1,0,28.21
BTC,CBBTC,Aave v3 Ethereum,Ethereum,WETH,0.365,Stake WETH -> RETH (rocket-pool),Ethereum,WETH,-0.485,-0.699,-31.42,0.002,2.365,2.235,51.2,-0.877,1.84,1,0,28.83
BTC,WBTC,Aave v3 Arbitrum,Arbitrum,WETH,0.365,Stake WETH -> LSETH (liquid-collective),Ethereum,WETH,-0.329,-0.7,-21.35,0.037,2.344,2.531,69.9,-0.517,1.843,1,0,28.21
BTC,WBTC,Morpho WBTC/USDC 86.0% (Ethereum),Ethereum,USDC,0.43,Bitfinex funding,Bitfinex,USDT,-0.265,-0.705,-17.22,0.0,4.221,4.979,61.9,-0.952,1.601,5,0,40.45
BTC,WBTC,Morpho WBTC/USDT 86.0% (Ethereum),Ethereum,USDT,0.43,morpho-blue SPARKUSDC vault,Base,USDC,-0.263,-0.726,-17.11,0.0,3.733,4.515,77.3,-1.226,1.602,5,0,46.0
BTC,WBTC,Aave v3 Ethereum,Ethereum,USDT,0.365,Stake USDT -> SYRUPUSDT (maple),Ethereum,USDT,-0.455,-0.729,-29.51,0.006,4.357,4.751,86.8,-0.861,1.721,5,0,40.83
BTC,WBTC,Aave v3 Arbitrum,Arbitrum,USDC,0.365,morpho-blue SPARKUSDC vault,Base,USDC,-0.184,-0.732,-11.92,0.037,4.058,4.515,79.5,-0.645,1.71,5,0,27.48
BTC,CBBTC,Aave v3 Ethereum,Ethereum,USDT,0.365,Stake USDT -> SYRUPUSDT (maple),Ethereum,USDT,-0.458,-0.733,-29.74,0.002,4.357,4.751,86.8,-0.864,1.721,5,0,40.83
BTC,WBTC,Aave v3 Ethereum,Ethereum,CBBTC,0.584,Lend CBBTC on sparklend,Ethereum,CBBTC,-0.552,-0.752,-35.77,0.006,0.288,0.01,0.0,-0.204,1.332,0,0,25.83
BTC,CBBTC,Aave v3 Base,Base,WETH,0.365,Stake WETH -> OSETH (stakewise-v3),Ethereum,WETH,-0.382,-0.753,-24.74,0.033,2.334,2.378,62.2,-0.565,1.842,1,0,28.21
BTC,CBBTC,Aave v3 Base,Base,WETH,0.365,Stake WETH -> ETHX (stader),Ethereum,WETH,-0.354,-0.754,-22.93,0.033,2.334,2.456,63.8,-0.563,1.842,1,0,28.21
BTC,CBBTC,Aave v3 Ethereum,Ethereum,CBBTC,0.584,Lend CBBTC on sparklend,Ethereum,CBBTC,-0.556,-0.756,-36.0,0.002,0.288,0.01,0.0,-0.207,1.332,0,0,25.83
BTC,WBTC,Aave v3 Arbitrum,Arbitrum,WETH,0.365,Stake WETH -> OSETH (stakewise-v3),Ethereum,WETH,-0.389,-0.76,-25.21,0.037,2.344,2.378,64.1,-0.606,1.843,1,0,28.21
BTC,CBBTC,Aave v3 Base,Base,WETH,0.365,Stake WETH -> RSETH (kelp),Ethereum,WETH,-0.342,-0.761,-22.21,0.033,2.334,2.5,76.4,-0.531,1.842,1,0,28.21
BTC,CBBTC,Morpho CBBTC/USDC 86.0% (Ethereum),Ethereum,USDC,0.43,Bitfinex funding,Bitfinex,USD,-0.32,-0.761,-20.82,0.0,4.188,4.982,68.5,-0.851,1.601,5,0,45.42
BTC,WBTC,Aave v3 Arbitrum,Arbitrum,WETH,0.365,Stake WETH -> ETHX (stader),Ethereum,WETH,-0.361,-0.761,-23.4,0.037,2.344,2.456,64.4,-0.604,1.843,1,0,28.21
BTC,WBTC,Aave v3 Ethereum,Ethereum,USDT,0.365,Bitfinex funding,Bitfinex,USDT,-0.362,-0.767,-23.49,0.006,4.357,4.979,61.1,-1.148,1.721,5,0,38.33
BTC,WBTC,Aave v3 Arbitrum,Arbitrum,WETH,0.365,Stake WETH -> RSETH (kelp),Ethereum,WETH,-0.35,-0.768,-22.68,0.037,2.344,2.5,72.9,-0.572,1.843,1,0,28.21
BTC,CBBTC,Aave v3 Ethereum,Ethereum,USDT,0.365,Bitfinex funding,Bitfinex,USDT,-0.366,-0.77,-23.72,0.002,4.357,4.979,61.1,-1.152,1.721,5,0,38.33
BTC,CBBTC,Aave v3 Base,Base,WETH,0.365,Stake WETH -> RETH (rocket-pool),Ethereum,WETH,-0.43,-0.772,-27.87,0.033,2.334,2.235,38.1,-0.652,1.842,1,0,28.21
BTC,WBTC,Morpho WBTC/USDT 86.0% (Ethereum),Ethereum,USDT,0.43,Stake USDS -> SUSDS (sky-lending),Ethereum,USDS,-0.557,-0.775,-36.17,0.0,3.733,3.876,65.2,-1.483,1.602,5,0,42.95
BTC,WBTC,Morpho WBTC/USDC 86.0% (Ethereum),Ethereum,USDC,0.43,Bitfinex funding,Bitfinex,USD,-0.336,-0.777,-21.86,0.0,4.221,4.982,66.8,-0.873,1.601,5,0,45.41
BTC,WBTC,Aave v3 Arbitrum,Arbitrum,WETH,0.365,Stake WETH -> RETH (rocket-pool),Ethereum,WETH,-0.437,-0.779,-28.34,0.037,2.344,2.235,41.6,-0.694,1.843,1,0,28.21
BTC,WBTC,Morpho WBTC/USDT 86.0% (Ethereum),Ethereum,USDT,0.43,Stake USDE -> SUSDE (ethena-usde),Ethereum,USDE,-0.406,-0.78,-26.33,0.0,3.733,4.238,74.5,-1.35,1.602,5,0,42.95
BTC,WBTC,Aave v3 Ethereum,Ethereum,WETH,0.365,Stake WETH -> METH (meth-protocol),Ethereum,WETH,-0.538,-0.782,-34.89,0.006,2.365,2.073,35.6,-0.88,1.84,1,0,28.83
BTC,CBBTC,Aave v3 Ethereum,Ethereum,WETH,0.365,Stake WETH -> METH (meth-protocol),Ethereum,WETH,-0.542,-0.786,-35.12,0.002,2.365,2.073,35.6,-0.882,1.84,1,0,28.83
BTC,WBTC,Morpho WBTC/USDT 86.0% (Ethereum),Ethereum,USDT,0.43,fluid-lending USDC vault,Ethereum,USDC,-0.249,-0.799,-16.2,0.0,3.733,4.631,76.4,-0.615,1.602,5,0,42.95
BTC,WBTC,Aave v3 Arbitrum,Arbitrum,USDC,0.365,Stake USDT -> SYRUPUSDT (maple),Ethereum,USDT,-0.401,-0.801,-26.05,0.037,4.058,4.751,92.6,-0.817,1.71,5,0,46.68
BTC,CBBTC,Morpho CBBTC/USDC 86.0% (Ethereum),Ethereum,USDC,0.43,morpho-blue GTUSDCP vault,Base,USDC,-0.365,-0.827,-23.72,0.0,4.188,4.747,67.7,-0.981,1.601,5,0,43.87
BTC,WBTC,Morpho WBTC/USDC 86.0% (Ethereum),Ethereum,USDC,0.43,morpho-blue GTUSDCP vault,Base,USDC,-0.381,-0.843,-24.76,0.0,4.221,4.747,67.4,-0.993,1.601,5,0,43.87
BTC,WBTC,Aave v3 Arbitrum,Arbitrum,USDC,0.365,Kamino (Solana),Solana,USDC,-0.481,-0.844,-31.15,0.037,4.058,3.932,45.5,-0.883,1.71,5,0,26.99
BTC,WBTC,Aave v3 Ethereum,Ethereum,USDT,0.365,Bitfinex funding,Bitfinex,USD,-0.452,-0.857,-29.32,0.006,4.357,4.982,67.4,-1.077,1.721,5,0,44.34
BTC,CBBTC,Aave v3 Base,Base,WETH,0.365,Stake WETH -> METH (meth-protocol),Ethereum,WETH,-0.487,-0.858,-31.57,0.033,2.334,2.073,32.6,-0.657,1.842,1,0,28.21
BTC,WBTC,Morpho WBTC/USDT 86.0% (Ethereum),Ethereum,USDT,0.43,Kamino (Solana),Solana,USDC,-0.615,-0.858,-39.86,0.0,3.733,3.932,60.3,-0.998,1.602,5,0,45.5
BTC,CBBTC,Aave v3 Ethereum,Ethereum,USDT,0.365,Bitfinex funding,Bitfinex,USD,-0.455,-0.86,-29.55,0.002,4.357,4.982,67.4,-1.08,1.721,5,0,44.34
BTC,WBTC,Aave v3 Ethereum,Ethereum,USDC,0.365,Stake USDT -> SYRUPUSDT (maple),Ethereum,USDT,-0.59,-0.864,-38.28,0.006,4.672,4.751,62.2,-0.793,1.72,5,0,42.63
BTC,WBTC,Aave v3 Arbitrum,Arbitrum,WETH,0.365,Stake WETH -> METH (meth-protocol),Ethereum,WETH,-0.494,-0.865,-32.04,0.037,2.344,2.073,34.5,-0.718,1.843,1,0,28.21
BTC,CBBTC,Aave v3 Ethereum,Ethereum,USDC,0.365,Stake USDT -> SYRUPUSDT (maple),Ethereum,USDT,-0.594,-0.868,-38.5,0.002,4.672,4.751,62.2,-0.796,1.72,5,0,42.63
BTC,CBBTC,Aave v3 Base,Base,USDC,0.365,morpho-blue GTUSDCP vault,Base,USDC,-0.339,-0.888,-21.98,0.033,4.996,4.747,32.1,-0.542,1.721,5,0,17.63
BTC,WBTC,Aave v3 Arbitrum,Arbitrum,USDC,0.365,morpho-blue STEAKUSDC vault,Base,USDC,-0.267,-0.889,-17.31,0.037,4.058,4.259,55.6,-0.726,1.71,5,0,27.48
BTC,WBTC,Aave v3 Ethereum,Ethereum,USDC,0.365,Bitfinex funding,Bitfinex,USDT,-0.498,-0.902,-32.27,0.006,4.672,4.979,54.5,-1.011,1.72,5,0,40.13
BTC,WBTC,Morpho WBTC/USDT 86.0% (Ethereum),Ethereum,USDT,0.43,fluid-lending USDT vault,Ethereum,USDT,-0.354,-0.903,-22.95,0.0,3.733,4.334,77.8,-1.248,1.602,5,0,40.83
BTC,CBBTC,Aave v3 Ethereum,Ethereum,USDC,0.365,Bitfinex funding,Bitfinex,USDT,-0.501,-0.906,-32.5,0.002,4.672,4.979,54.5,-1.014,1.72,5,0,40.13
BTC,WBTC,Aave v3 Ethereum,Ethereum,CBBTC,0.584,Lend WBTC on aave-v3,Ethereum,WBTC,-0.706,-0.906,-45.73,0.006,0.288,0.006,0.0,-0.204,1.332,0,0,35.65
BTC,WBTC,Aave v3 Ethereum,Ethereum,CBBTC,0.584,Lend TBTC on aave-v3,Ethereum,TBTC,-0.707,-0.907,-45.78,0.006,0.288,0.004,0.0,-0.207,1.332,0,0,35.65
BTC,WBTC,Aave v3 Ethereum,Ethereum,CBBTC,0.584,Lend CBBTC on aave-v3,Base,CBBTC,-0.593,-0.909,-38.39,0.006,0.288,0.033,0.0,-0.196,1.332,0,0,29.42
BTC,CBBTC,Aave v3 Ethereum,Ethereum,CBBTC,0.584,Lend WBTC on aave-v3,Ethereum,WBTC,-0.71,-0.91,-45.96,0.002,0.288,0.006,0.0,-0.206,1.332,0,0,35.65
BTC,CBBTC,Aave v3 Ethereum,Ethereum,CBBTC,0.584,Lend TBTC on aave-v3,Ethereum,TBTC,-0.71,-0.91,-46.0,0.002,0.288,0.004,0.0,-0.209,1.332,0,0,35.65
BTC,WBTC,Morpho WBTC/USDT 86.0% (Ethereum),Ethereum,USDT,0.43,morpho-blue STEAKUSDC vault,Base,USDC,-0.361,-0.911,-23.5,0.0,3.733,4.259,63.6,-1.494,1.602,5,0,45.99
BTC,CBBTC,Aave v3 Ethereum,Ethereum,CBBTC,0.584,Lend CBBTC on aave-v3,Base,CBBTC,-0.596,-0.913,-38.61,0.002,0.288,0.033,0.0,-0.199,1.332,0,0,29.42
BTC,CBBTC,Aave v3 Base,Base,USDC,0.365,Bitfinex funding,Bitfinex,USDT,-0.388,-0.918,-25.14,0.033,4.996,4.979,46.3,-0.89,1.721,5,0,24.18
BTC,CBBTC,Morpho CBBTC/USDC 86.0% (Ethereum),Ethereum,USDC,0.43,morpho-blue SPARKUSDC vault,Base,USDC,-0.46,-0.922,-29.86,0.0,4.188,4.515,53.4,-1.162,1.601,5,0,43.87
BTC,WBTC,Aave v3 Ethereum,Ethereum,WETH,0.365,Lend WETH on sparklend,Ethereum,WETH,-0.733,-0.933,-47.47,0.006,2.365,1.568,0.5,-1.068,1.84,1,0,28.83
BTC,CBBTC,Aave v3 Base,Base,USDC,0.365,Stake USDC -> SYRUPUSDC (maple),Ethereum,USDC,-0.573,-0.936,-37.18,0.033,4.996,5.251,73.2,-1.268,1.721,5,0,44.88
BTC,CBBTC,Aave v3 Ethereum,Ethereum,WETH,0.365,Lend WETH on sparklend,Ethereum,WETH,-0.737,-0.937,-47.7,0.002,2.365,1.568,0.5,-1.07,1.84,1,0,28.83
BTC,WBTC,Aave v3 Ethereum,Ethereum,WBTC,0.584,Lend CBBTC on sparklend,Ethereum,CBBTC,-0.737,-0.937,-47.74,0.006,0.343,0.01,0.0,-0.231,1.331,0,0,35.65
BTC,WBTC,Morpho WBTC/USDC 86.0% (Ethereum),Ethereum,USDC,0.43,morpho-blue SPARKUSDC vault,Base,USDC,-0.476,-0.938,-30.9,0.0,4.221,4.515,54.0,-1.174,1.601,5,0,43.87
BTC,WBTC,Aave v3 Ethereum,Ethereum,WBTC,0.584,Lend TBTC on aave-v3,Ethereum,TBTC,-0.74,-0.94,-47.92,0.006,0.343,0.004,0.0,-0.236,1.331,0,0,35.65
BTC,CBBTC,Aave v3 Ethereum,Ethereum,WBTC,0.584,Lend CBBTC on sparklend,Ethereum,CBBTC,-0.741,-0.941,-47.97,0.002,0.343,0.01,0.0,-0.236,1.331,0,0,35.65
BTC,WBTC,Aave v3 Ethereum,Ethereum,WBTC,0.584,Lend CBBTC on aave-v3,Ethereum,CBBTC,-0.741,-0.941,-48.01,0.006,0.343,0.002,0.0,-0.235,1.331,0,0,35.65
BTC,WBTC,Aave v3 Ethereum,Ethereum,WBTC,0.584,Lend WBTC on aave-v3,Arbitrum,WBTC,-0.626,-0.943,-40.54,0.006,0.343,0.037,0.0,-0.221,1.331,0,0,29.43
BTC,CBBTC,Aave v3 Ethereum,Ethereum,WBTC,0.584,Lend TBTC on aave-v3,Ethereum,TBTC,-0.743,-0.943,-48.15,0.002,0.343,0.004,0.0,-0.239,1.331,0,0,35.65
BTC,WBTC,Aave v3 Ethereum,Ethereum,USDT,0.365,morpho-blue GTUSDCP vault,Base,USDC,-0.521,-0.945,-33.84,0.006,4.357,4.747,77.5,-0.914,1.721,5,0,45.23
BTC,CBBTC,Aave v3 Ethereum,Ethereum,WBTC,0.584,Lend CBBTC on aave-v3,Ethereum,CBBTC,-0.745,-0.945,-48.24,0.002,0.343,0.002,0.0,-0.239,1.331,0,0,35.65
BTC,CBBTC,Aave v3 Ethereum,Ethereum,WBTC,0.584,Lend WBTC on aave-v3,Arbitrum,WBTC,-0.63,-0.946,-40.77,0.002,0.343,0.037,0.0,-0.224,1.331,0,0,29.42
BTC,CBBTC,Aave v3 Ethereum,Ethereum,USDT,0.365,morpho-blue GTUSDCP vault,Base,USDC,-0.525,-0.948,-34.06,0.002,4.357,4.747,77.5,-0.917,1.721,5,0,45.23
BTC,CBBTC,Aave v3 Base,Base,WETH,0.365,Lend WETH on aave-v3,Ethereum,WETH,-0.629,-0.957,-40.76,0.033,2.334,1.705,6.6,-0.68,1.842,1,0,28.21
BTC,WBTC,Aave v3 Arbitrum,Arbitrum,WETH,0.365,Lend WETH on aave-v3,Ethereum,WETH,-0.637,-0.964,-41.22,0.037,2.344,1.705,9.0,-0.739,1.843,1,0,28.2
BTC,WBTC,Aave v3 Ethereum,Ethereum,USDC,0.365,Bitfinex funding,Bitfinex,USD,-0.56,-0.964,-36.29,0.006,4.672,4.982,57.8,-0.908,1.72,5,0,44.33
BTC,BTC,OKX margin,OKX,USDT,0.35,Stake USDC -> SYRUPUSDC (maple),Ethereum,USDC,0.581,-0.965,37.91,0.0,2.879,5.251,100.0,-0.002,1.945,5,0,21.74
BTC,WBTC,Morpho WBTC/USDT 86.0% (Ethereum),Ethereum,USDT,0.43,Lend USDC on aave-v3,Ethereum,USDC,-0.765,-0.965,-49.59,0.0,3.733,3.435,40.0,-1.697,1.602,5,0,42.94
BTC,CBBTC,Aave v3 Ethereum,Ethereum,USDC,0.365,Bitfinex funding,Bitfinex,USD,-0.563,-0.968,-36.52,0.002,4.672,4.982,57.8,-0.911,1.72,5,0,44.33
BTC,CBBTC,Aave v3 Base,Base,USDC,0.365,morpho-blue SPARKUSDC vault,Base,USDC,-0.42,-0.968,-27.18,0.033,4.996,4.515,16.4,-0.593,1.721,5,0,17.63
BTC,BTC,OKX margin,OKX,USDC,0.35,Stake USDC -> SYRUPUSDC (maple),Ethereum,USDC,0.568,-0.979,37.01,0.0,2.982,5.251,98.6,-0.02,1.945,5,0,20.0
BTC,CBBTC,Aave v3 Base,Base,USDC,0.365,Bitfinex funding,Bitfinex,USD,-0.45,-0.98,-29.15,0.033,4.996,4.982,46.0,-0.627,1.721,5,0,28.37
BTC,CBBTC,Aave v3 Base,Base,WETH,0.365,Gate Uni lending,Gate,WETH,-0.373,-0.991,-24.17,0.033,2.334,2.02,15.3,-0.298,1.842,1,0,18.68
BTC,CBBTC,Aave v3 Base,Base,WETH,0.365,OKX Simple Earn,OKX,WETH,-0.556,-0.993,-36.04,0.033,2.334,1.426,18.6,-0.839,1.842,1,0,18.68
BTC,CBBTC,Morpho CBBTC/USDC 86.0% (Ethereum),Ethereum,USDC,0.43,fluid-lending USDC vault,Ethereum,USDC,-0.447,-0.996,-29.0,0.0,4.188,4.631,62.5,-0.886,1.601,5,0,40.83
BTC,WBTC,Aave v3 Arbitrum,Arbitrum,WETH,0.365,Gate Uni lending,Gate,WETH,-0.38,-0.998,-24.64,0.037,2.344,2.02,19.2,-0.258,1.843,1,0,18.68
BTC,WBTC,Aave v3 Arbitrum,Arbitrum,WETH,0.365,OKX Simple Earn,OKX,WETH,-0.563,-1.0,-36.5,0.037,2.344,1.426,12.9,-0.812,1.843,1,0,18.68
BTC,CBBTC,Morpho CBBTC/USDC 86.0% (Ethereum),Ethereum,USDC,0.43,Stake USDS -> SUSDS (sky-lending),Ethereum,USDS,-0.787,-1.005,-51.01,0.0,4.188,3.876,37.0,-1.062,1.601,5,0,42.94
BTC,CBBTC,Aave v3 Base,Base,WETH,0.365,Lend WETH on sparklend,Ethereum,WETH,-0.682,-1.009,-44.15,0.033,2.334,1.568,1.6,-0.845,1.842,1,0,28.2
BTC,CBBTC,Morpho CBBTC/USDC 86.0% (Ethereum),Ethereum,USDC,0.43,Stake USDE -> SUSDE (ethena-usde),Ethereum,USDE,-0.636,-1.01,-41.21,0.0,4.188,4.238,55.6,-0.906,1.601,5,0,42.95
BTC,WBTC,Morpho WBTC/USDC 86.0% (Ethereum),Ethereum,USDC,0.43,fluid-lending USDC vault,Ethereum,USDC,-0.463,-1.012,-30.04,0.0,4.221,4.631,60.5,-0.887,1.601,5,0,40.83
BTC,WBTC,Aave v3 Arbitrum,Arbitrum,WETH,0.365,Lend WETH on sparklend,Ethereum,WETH,-0.689,-1.017,-44.61,0.037,2.344,1.568,2.2,-0.886,1.843,1,0,28.2
BTC,WBTC,Morpho WBTC/USDC 86.0% (Ethereum),Ethereum,USDC,0.43,Stake USDS -> SUSDS (sky-lending),Ethereum,USDS,-0.803,-1.021,-52.05,0.0,4.221,3.876,34.8,-1.079,1.601,5,0,42.94
BTC,WBTC,Aave v3 Ethereum,Ethereum,USDC,0.365,morpho-blue GTUSDCP vault,Base,USDC,-0.601,-1.024,-38.99,0.006,4.672,4.747,61.4,-0.917,1.72,5,0,43.43
BTC,WBTC,Aave v3 Ethereum,Ethereum,USDT,0.365,morpho-blue SPARKUSDC vault,Base,USDC,-0.602,-1.025,-39.07,0.006,4.357,4.515,67.9,-1.032,1.721,5,0,45.23
BTC,BTC,OKX margin,OKX,USDT,0.35,Bitfinex funding,Bitfinex,USDT,0.683,-1.026,44.49,0.0,2.879,4.979,85.5,-0.106,1.945,5,0,7.0
BTC,WBTC,Morpho WBTC/USDC 86.0% (Ethereum),Ethereum,USDC,0.43,Stake USDE -> SUSDE (ethena-usde),Ethereum,USDE,-0.652,-1.026,-42.25,0.0,4.221,4.238,52.6,-0.938,1.601,5,0,42.95
BTC,CBBTC,Aave v3 Ethereum,Ethereum,USDC,0.365,morpho-blue GTUSDCP vault,Base,USDC,-0.605,-1.028,-39.22,0.002,4.672,4.747,61.4,-0.924,1.72,5,0,43.43
BTC,CBBTC,Aave v3 Ethereum,Ethereum,USDT,0.365,morpho-blue SPARKUSDC vault,Base,USDC,-0.606,-1.029,-39.29,0.002,4.357,4.515,67.9,-1.035,1.721,5,0,45.23
BTC,CBBTC,Aave v3 Base,Base,WETH,0.365,Bitfinex funding,Bitfinex,WETH,-0.523,-1.05,-33.88,0.033,2.334,1.378,12.1,-1.025,1.842,1,0,18.68
BTC,WBTC,Morpho WBTC/USDT 86.0% (Ethereum),Ethereum,USDT,0.43,Lend USDT on aave-v3,Ethereum,USDT,-0.854,-1.054,-55.34,0.0,3.733,3.132,25.8,-2.043,1.602,5,0,40.83
BTC,BTC,OKX margin,OKX,USDT,0.35,morpho-blue GTUSDCP vault,Base,USDC,0.671,-1.055,43.71,0.0,2.879,4.747,98.1,0.104,1.945,5,0,4.34
BTC,CBBTC,Morpho CBBTC/USDC 86.0% (Ethereum),Ethereum,USDC,0.43,Kamino (Solana),Solana,USDC,-0.813,-1.056,-52.61,0.0,4.188,3.932,36.4,-1.193,1.601,5,0,43.38
BTC,WBTC,Aave v3 Arbitrum,Arbitrum,WETH,0.365,Bitfinex funding,Bitfinex,WETH,-0.53,-1.057,-34.34,0.037,2.344,1.378,10.7,-1.051,1.843,1,0,18.68
BTC,WBTC,Aave v3 Ethereum,Ethereum,CBBTC,0.584,Lend WBTC on aave-v3,Arbitrum,WBTC,-0.745,-1.061,-48.23,0.006,0.288,0.037,0.0,-0.184,1.332,0,0,39.25
BTC,WBTC,Aave v3 Ethereum,Ethereum,WETH,0.365,Gate Uni lending,Gate,WETH,-0.571,-1.062,-37.02,0.006,2.365,2.02,26.0,-0.914,1.84,1,0,28.83
BTC,CBBTC,Morpho CBBTC/USDC 86.0% (Base),Base,USDC,0.43,Stake USDC -> SYRUPUSDC (maple),Ethereum,USDC,-0.763,-1.063,-49.46,0.0,5.358,5.251,55.1,-1.803,1.609,5,0,45.32
BTC,WBTC,Aave v3 Ethereum,Ethereum,WETH,0.365,OKX Simple Earn,OKX,WETH,-0.755,-1.064,-48.89,0.006,2.365,1.426,20.8,-1.282,1.84,1,0,28.83
BTC,CBBTC,Aave v3 Ethereum,Ethereum,CBBTC,0.584,Lend WBTC on aave-v3,Arbitrum,WBTC,-0.748,-1.065,-48.46,0.002,0.288,0.037,0.0,-0.187,1.332,0,0,39.25
BTC,CBBTC,Aave v3 Ethereum,Ethereum,WETH,0.365,Gate Uni lending,Gate,WETH,-0.575,-1.066,-37.25,0.002,2.365,2.02,26.0,-0.917,1.84,1,0,28.83
BTC,WBTC,Aave v3 Ethereum,Ethereum,USDT,0.365,Stake USDS -> SUSDS (sky-lending),Ethereum,USDS,-0.852,-1.067,-55.18,0.006,4.357,3.876,37.0,-1.311,1.721,5,0,42.62
BTC,CBBTC,Aave v3 Ethereum,Ethereum,WETH,0.365,OKX Simple Earn,OKX,WETH,-0.758,-1.067,-49.12,0.002,2.365,1.426,20.8,-1.284,1.84,1,0,28.83
BTC,BTC,OKX margin,OKX,USDC,0.35,morpho-blue GTUSDCP vault,Base,USDC,0.658,-1.069,42.82,0.0,2.982,4.747,95.9,0.089,1.945,5,0,2.6
BTC,CBBTC,Aave v3 Ethereum,Ethereum,USDT,0.365,Stake USDS -> SUSDS (sky-lending),Ethereum,USDS,-0.856,-1.071,-55.41,0.002,4.357,3.876,37.0,-1.314,1.721,5,0,42.62
BTC,WBTC,Aave v3 Ethereum,Ethereum,USDT,0.365,Stake USDE -> SUSDE (ethena-usde),Ethereum,USDE,-0.723,-1.072,-46.85,0.006,4.357,4.238,68.2,-1.235,1.721,5,0,42.62
BTC,WBTC,Morpho WBTC/USDC 86.0% (Ethereum),Ethereum,USDC,0.43,Kamino (Solana),Solana,USDC,-0.829,-1.072,-53.65,0.0,4.221,3.932,35.1,-1.212,1.601,5,0,43.38
BTC,CBBTC,Aave v3 Ethereum,Ethereum,USDT,0.365,Stake USDE -> SUSDE (ethena-usde),Ethereum,USDE,-0.727,-1.075,-47.08,0.002,4.357,4.238,68.2,-1.237,1.721,5,0,42.62
BTC,WBTC,Aave v3 Ethereum,Ethereum,USDT,0.365,fluid-lending USDC vault,Ethereum,USDC,-0.591,-1.088,-38.33,0.006,4.357,4.631,53.4,-1.04,1.721,5,0,42.63
BTC,CBBTC,Aave v3 Ethereum,Ethereum,USDT,0.365,fluid-lending USDC vault,Ethereum,USDC,-0.595,-1.092,-38.55,0.002,4.357,4.631,53.4,-1.043,1.721,5,0,42.63
BTC,BTC,OKX margin,OKX,USDC,0.35,Bitfinex funding,Bitfinex,USDT,0.616,-1.093,40.11,0.0,2.982,4.979,83.8,-0.106,1.945,5,0,8.74
BTC,WBTC,Aave v3 Ethereum,Ethereum,WBTC,0.584,Lend CBBTC on aave-v3,Base,CBBTC,-0.777,-1.094,-50.36,0.006,0.343,0.033,0.0,-0.209,1.331,0,0,39.25
BTC,CBBTC,Morpho CBBTC/USDC 86.0% (Base),Base,USDC,0.43,Bitfinex funding,Bitfinex,USDT,-0.6,-1.097,-38.83,0.0,5.358,4.979,41.1,-1.336,1.609,5,0,24.49
BTC,CBBTC,Aave v3 Ethereum,Ethereum,WBTC,0.584,Lend CBBTC on aave-v3,Base,CBBTC,-0.781,-1.098,-50.58,0.002,0.343,0.033,0.0,-0.216,1.331,0,0,39.25
BTC,WBTC,Aave v3 Arbitrum,Arbitrum,USDC,0.365,fluid-lending USDC vault,Ethereum,USDC,-0.481,-1.103,-31.18,0.037,4.058,4.631,65.2,-1.164,1.71,5,0,44.88
BTC,WBTC,Aave v3 Ethereum,Ethereum,USDC,0.365,morpho-blue SPARKUSDC vault,Base,USDC,-0.682,-1.105,-44.22,0.006,4.672,4.515,47.7,-1.08,1.72,5,0,43.42
BTC,CBBTC,Morpho CBBTC/USDC 86.0% (Ethereum),Ethereum,USDC,0.43,morpho-blue STEAKUSDC vault,Base,USDC,-0.558,-1.107,-36.22,0.0,4.188,4.259,46.8,-1.43,1.601,5,0,43.87
BTC,CBBTC,Aave v3 Ethereum,Ethereum,USDC,0.365,morpho-blue SPARKUSDC vault,Base,USDC,-0.685,-1.108,-44.45,0.002,4.672,4.515,47.7,-1.087,1.72,5,0,43.42
BTC,WBTC,Aave v3 Arbitrum,Arbitrum,USDC,0.365,Stake USDS -> SUSDS (sky-lending),Ethereum,USDS,-0.769,-1.11,-49.84,0.037,4.058,3.876,45.8,-1.47,1.71,5,0,46.67
BTC,BTC,OKX margin,OKX,USDT,0.35,Bitfinex funding,Bitfinex,USD,0.598,-1.111,38.95,0.0,2.879,4.982,94.2,0.154,1.945,5,0,12.8
BTC,WBTC,Aave v3 Arbitrum,Arbitrum,USDC,0.365,Stake USDE -> SUSDE (ethena-usde),Ethereum,USDE,-0.641,-1.115,-41.53,0.037,4.058,4.238,72.3,-1.189,1.71,5,0,46.67
BTC,WBTC,Aave v3 Ethereum,Ethereum,WETH,0.365,Bitfinex funding,Bitfinex,WETH,-0.722,-1.121,-46.73,0.006,2.365,1.378,13.2,-1.533,1.84,1,0,28.83
BTC,WBTC,Morpho WBTC/USDC 86.0% (Ethereum),Ethereum,USDC,0.43,morpho-blue STEAKUSDC vault,Base,USDC,-0.574,-1.123,-37.26,0.0,4.221,4.259,46.8,-1.442,1.601,5,0,43.87
BTC,CBBTC,Aave v3 Base,Base,USDC,0.365,morpho-blue STEAKUSDC vault,Base,USDC,-0.502,-1.125,-32.52,0.033,4.996,4.259,12.1,-0.556,1.721,5,0,17.63
BTC,CBBTC,Aave v3 Ethereum,Ethereum,WETH,0.365,Bitfinex funding,Bitfinex,WETH,-0.725,-1.125,-46.96,0.002,2.365,1.378,13.2,-1.536,1.84,1,0,28.83
BTC,BTC,OKX margin,OKX,USDT,0.35,morpho-blue SPARKUSDC vault,Base,USDC,0.594,-1.133,38.67,0.0,2.879,4.515,97.3,-0.035,1.945,5,0,4.34
BTC,CBBTC,Aave v3 Base,Base,CBBTC,0.584,Lend CBBTC on sparklend,Ethereum,CBBTC,-0.855,-1.138,-55.29,0.033,0.825,0.01,0.0,-0.607,1.325,0,0,26.53
BTC,WBTC,Aave v3 Ethereum,Ethereum,USDT,0.365,Kamino (Solana),Solana,USDC,-0.904,-1.141,-58.45,0.006,4.357,3.932,37.0,-1.525,1.721,5,0,44.73
BTC,WBTC,Aave v3 Arbitrum,Arbitrum,WBTC,0.584,Lend WBTC on aave-v3,Ethereum,WBTC,-0.859,-1.141,-55.54,0.037,0.86,0.006,0.0,-0.554,1.325,0,0,26.53
BTC,CBBTC,Aave v3 Base,Base,CBBTC,0.584,Lend CBBTC on aave-v3,Ethereum,CBBTC,-0.859,-1.142,-55.55,0.033,0.825,0.002,0.0,-0.614,1.325,0,0,26.53
BTC,CBBTC,Aave v3 Ethereum,Ethereum,USDT,0.365,Kamino (Solana),Solana,USDC,-0.907,-1.144,-58.68,0.002,4.357,3.932,37.0,-1.527,1.721,5,0,44.73
BTC,BTC,OKX margin,OKX,USDC,0.35,morpho-blue SPARKUSDC vault,Base,USDC,0.58,-1.147,37.78,0.0,2.982,4.515,93.4,-0.024,1.945,5,0,2.6
BTC,BTC,OKX margin,OKX,USDC,0.35,Bitfinex funding,Bitfinex,USD,0.558,-1.151,36.32,0.0,2.982,4.982,91.8,0.067,1.945,5,0,12.8
BTC,BTC,OKX margin,OKX,USDT,0.35,Stake USDT -> SYRUPUSDT (maple),Ethereum,USDT,0.429,-1.155,27.93,0.0,2.879,4.751,100.0,-0.237,1.945,5,0,20.0
BTC,CBBTC,Morpho CBBTC/USDC 86.0% (Ethereum),Ethereum,USDC,0.43,Lend USDC on aave-v3,Ethereum,USDC,-0.963,-1.163,-62.29,0.0,4.188,3.435,9.6,-1.281,1.601,5,0,40.83
BTC,CBBTC,Morpho CBBTC/USDC 86.0% (Ethereum),Ethereum,USDC,0.43,fluid-lending USDT vault,Ethereum,USDT,-0.617,-1.165,-39.97,0.0,4.188,4.334,46.8,-0.987,1.601,5,0,42.95
BTC,WBTC,Aave v3 Ethereum,Ethereum,USDC,0.365,fluid-lending USDC vault,Ethereum,USDC,-0.672,-1.168,-43.5,0.006,4.672,4.631,39.7,-1.131,1.72,5,0,40.83
BTC,CBBTC,Morpho CBBTC/USDC 86.0% (Base),Base,USDC,0.43,Bitfinex funding,Bitfinex,USD,-0.673,-1.17,-43.55,0.0,5.358,4.982,37.8,-0.954,1.609,5,0,29.43
BTC,CBBTC,Aave v3 Ethereum,Ethereum,USDC,0.365,fluid-lending USDC vault,Ethereum,USDC,-0.675,-1.172,-43.73,0.002,4.672,4.631,39.7,-1.134,1.72,5,0,40.83
BTC,WBTC,Aave v3 Ethereum,Ethereum,USDC,0.365,Stake USDS -> SUSDS (sky-lending),Ethereum,USDS,-0.96,-1.175,-62.13,0.006,4.672,3.876,19.5,-1.41,1.72,5,0,42.62
BTC,WBTC,Aave v3 Ethereum,Ethereum,USDT,0.365,fluid-lending USDT vault,Ethereum,USDT,-0.68,-1.177,-44.05,0.006,4.357,4.334,49.3,-1.389,1.721,5,0,40.83
BTC,CBBTC,Aave v3 Ethereum,Ethereum,USDC,0.365,Stake USDS -> SUSDS (sky-lending),Ethereum,USDS,-0.964,-1.178,-62.36,0.002,4.672,3.876,19.5,-1.413,1.72,5,0,42.62
BTC,WBTC,Morpho WBTC/USDC 86.0% (Ethereum),Ethereum,USDC,0.43,Lend USDC on aave-v3,Ethereum,USDC,-0.979,-1.179,-63.32,0.0,4.221,3.435,8.5,-1.282,1.601,5,0,40.83
BTC,WBTC,Aave v3 Ethereum,Ethereum,USDC,0.365,Stake USDE -> SUSDE (ethena-usde),Ethereum,USDE,-0.831,-1.179,-53.81,0.006,4.672,4.238,36.2,-1.267,1.72,5,0,42.62
BTC,CBBTC,Aave v3 Ethereum,Ethereum,USDT,0.365,fluid-lending USDT vault,Ethereum,USDT,-0.684,-1.18,-44.27,0.002,4.357,4.334,49.3,-1.391,1.721,5,0,40.83
BTC,WBTC,Morpho WBTC/USDC 86.0% (Ethereum),Ethereum,USDC,0.43,fluid-lending USDT vault,Ethereum,USDT,-0.633,-1.181,-41.01,0.0,4.221,4.334,45.8,-0.997,1.601,5,0,42.95
BTC,WBTC,Aave v3 Ethereum,Ethereum,USDT,0.365,morpho-blue STEAKUSDC vault,Base,USDC,-0.685,-1.182,-44.43,0.006,4.357,4.259,51.5,-1.169,1.721,5,0,45.22
BTC,CBBTC,Aave v3 Ethereum,Ethereum,USDC,0.365,Stake USDE -> SUSDE (ethena-usde),Ethereum,USDE,-0.835,-1.183,-54.04,0.002,4.672,4.238,36.2,-1.269,1.72,5,0,42.62
BTC,CBBTC,Aave v3 Ethereum,Ethereum,USDT,0.365,morpho-blue STEAKUSDC vault,Base,USDC,-0.688,-1.186,-44.66,0.002,4.357,4.259,51.5,-1.172,1.721,5,0,45.22
BTC,CBBTC,Aave v3 Base,Base,USDC,0.365,Stake USDT -> SYRUPUSDT (maple),Ethereum,USDT,-0.789,-1.189,-51.11,0.033,4.996,4.751,32.3,-1.395,1.721,5,0,46.68
BTC,WBTC,Aave v3 Ethereum,Ethereum,USDC,0.365,Kamino (Solana),Solana,USDC,-0.984,-1.221,-63.62,0.006,4.672,3.932,25.5,-1.615,1.72,5,0,42.94
BTC,BTC,OKX margin,OKX,USDC,0.35,Stake USDT -> SYRUPUSDT (maple),Ethereum,USDT,0.362,-1.222,23.56,0.0,2.982,4.751,97.0,-0.293,1.945,5,0,21.74
BTC,CBBTC,Aave v3 Ethereum,Ethereum,USDC,0.365,Kamino (Solana),Solana,USDC,-0.988,-1.225,-63.85,0.002,4.672,3.932,25.5,-1.618,1.72,5,0,42.94
BTC,WBTC,Aave v3 Ethereum,Ethereum,USDT,0.365,Lend USDC on aave-v3,Ethereum,USDC,-1.03,-1.23,-66.61,0.006,4.357,3.435,5.8,-1.435,1.721,5,0,42.62
BTC,CBBTC,Aave v3 Ethereum,Ethereum,USDT,0.365,Lend USDC on aave-v3,Ethereum,USDC,-1.034,-1.234,-66.84,0.002,4.357,3.435,5.8,-1.437,1.721,5,0,42.62
BTC,CBBTC,Aave v3 Base,Base,USDC,0.365,Kamino (Solana),Solana,USDC,-0.874,-1.237,-56.42,0.033,4.996,3.932,23.8,-1.575,1.721,5,0,26.99
BTC,BTC,OKX margin,OKX,USDT,0.35,Kamino (Solana),Solana,USDC,0.312,-1.24,20.24,0.0,2.879,3.932,73.7,-0.352,1.945,5,0,3.85
BTC,WBTC,Aave v3 Arbitrum,Arbitrum,USDC,0.365,Lend USDC on aave-v3,Ethereum,USDC,-0.918,-1.244,-59.4,0.037,4.058,3.435,11.8,-1.579,1.71,5,0,44.87
BTC,WBTC,Aave v3 Arbitrum,Arbitrum,USDC,0.365,fluid-lending USDT vault,Ethereum,USDT,-0.625,-1.246,-40.48,0.037,4.058,4.334,57.0,-1.481,1.71,5,0,46.68
BTC,BTC,OKX margin,OKX,USDC,0.35,Kamino (Solana),Solana,USDC,0.298,-1.254,19.35,0.0,2.982,3.932,71.0,-0.339,1.945,5,0,2.12
BTC,WBTC,Aave v3 Ethereum,Ethereum,USDC,0.365,morpho-blue STEAKUSDC vault,Base,USDC,-0.764,-1.262,-49.58,0.006,4.672,4.259,43.0,-1.302,1.72,5,0,43.42
BTC,WBTC,Morpho WBTC/USDT 86.0% (Ethereum),Ethereum,USDT,0.43,Lend USDS on sparklend,Ethereum,USDS,-1.063,-1.263,-68.82,0.0,3.733,2.7,19.5,-2.136,1.602,5,0,42.94
BTC,CBBTC,Aave v3 Ethereum,Ethereum,USDC,0.365,morpho-blue STEAKUSDC vault,Base,USDC,-0.768,-1.265,-49.8,0.002,4.672,4.259,43.0,-1.309,1.72,5,0,43.42
BTC,WBTC,Aave v3 Arbitrum,Arbitrum,USDC,0.365,Kamino (Solana),Solana,USDT,-0.916,-1.279,-59.15,0.037,4.058,2.85,22.2,-1.448,1.71,5,0,28.77
BTC,BTC,OKX margin,OKX,USDT,0.35,morpho-blue STEAKUSDC vault,Base,USDC,0.514,-1.285,33.44,0.0,2.879,4.259,86.3,-0.26,1.945,5,0,4.34
BTC,WBTC,Aave v3 Arbitrum,Arbitrum,WBTC,0.584,Lend CBBTC on sparklend,Ethereum,CBBTC,-1.008,-1.291,-65.23,0.037,0.86,0.01,0.0,-0.557,1.325,0,0,36.35
BTC,CBBTC,Aave v3 Base,Base,CBBTC,0.584,Lend WBTC on aave-v3,Ethereum,WBTC,-1.009,-1.292,-65.25,0.033,0.825,0.006,0.0,-0.612,1.325,0,0,36.35
BTC,CBBTC,Aave v3 Base,Base,CBBTC,0.584,Lend TBTC on aave-v3,Ethereum,TBTC,-1.009,-1.292,-65.29,0.033,0.825,0.004,0.0,-0.615,1.325,0,0,36.35
BTC,WBTC,Aave v3 Arbitrum,Arbitrum,WBTC,0.584,Lend TBTC on aave-v3,Ethereum,TBTC,-1.011,-1.294,-65.41,0.037,0.86,0.004,0.0,-0.557,1.325,0,0,36.35
BTC,WBTC,Aave v3 Arbitrum,Arbitrum,WBTC,0.584,Lend CBBTC on aave-v3,Ethereum,CBBTC,-1.012,-1.295,-65.5,0.037,0.86,0.002,0.0,-0.557,1.325,0,0,36.35
BTC,BTC,OKX margin,OKX,USDC,0.35,morpho-blue STEAKUSDC vault,Base,USDC,0.5,-1.298,32.55,0.0,2.982,4.259,83.0,-0.255,1.945,5,0,2.6
BTC,WBTC,Morpho WBTC/USDT 86.0% (Ethereum),Ethereum,USDT,0.43,Kamino (Solana),Solana,USDT,-1.063,-1.307,-68.75,0.0,3.733,2.85,26.0,-1.691,1.602,5,0,43.37
BTC,WBTC,Aave v3 Ethereum,Ethereum,USDC,0.365,fluid-lending USDT vault,Ethereum,USDT,-0.816,-1.312,-52.81,0.006,4.672,4.334,37.5,-1.425,1.72,5,0,42.62
BTC,CBBTC,Aave v3 Ethereum,Ethereum,USDC,0.365,fluid-lending USDT vault,Ethereum,USDT,-0.819,-1.316,-53.04,0.002,4.672,4.334,37.5,-1.428,1.72,5,0,42.62
BTC,CBBTC,Morpho CBBTC/USDC 86.0% (Ethereum),Ethereum,USDC,0.43,Lend USDT on aave-v3,Ethereum,USDT,-1.117,-1.317,-72.23,0.0,4.188,3.132,7.9,-1.58,1.601,5,0,42.94
BTC,CBBTC,Aave v3 Base,Base,CBBTC,0.584,Lend WBTC on aave-v3,Arbitrum,WBTC,-0.924,-1.324,-59.8,0.033,0.825,0.037,0.0,-0.599,1.325,0,0,32.0
BTC,WBTC,Aave v3 Arbitrum,Arbitrum,WBTC,0.584,Lend CBBTC on aave-v3,Base,CBBTC,-0.926,-1.326,-59.9,0.037,0.86,0.033,0.0,-0.547,1.325,0,0,32.0
BTC,WBTC,Morpho WBTC/USDC 86.0% (Ethereum),Ethereum,USDC,0.43,Lend USDT on aave-v3,Ethereum,USDT,-1.133,-1.333,-73.27,0.0,4.221,3.132,7.4,-1.611,1.601,5,0,42.94
BTC,CBBTC,Morpho CBBTC/USDC 86.0% (Base),Base,USDC,0.43,Stake USDT -> SYRUPUSDT (maple),Ethereum,USDT,-1.018,-1.361,-65.84,0.0,5.358,4.751,9.3,-1.97,1.609,5,0,47.43
BTC,WBTC,Aave v3 Arbitrum,Arbitrum,USDC,0.365,Lend USDT on aave-v3,Ethereum,USDT,-1.049,-1.375,-67.82,0.037,4.058,3.132,9.6,-1.683,1.71,5,0,46.66
BTC,BTC,OKX margin,OKX,WETH,0.35,Stake WETH -> WBETH (binance-staked-eth),Ethereum,WETH,0.07,-1.435,4.56,0.0,1.876,2.509,96.7,-0.515,2.102,1,0,9.0
BTC,WBTC,Aave v3 Ethereum,Ethereum,USDC,0.365,Lend USDT on aave-v3,Ethereum,USDT,-1.242,-1.442,-80.22,0.006,4.672,3.132,3.3,-1.611,1.72,5,0,42.61
BTC,CBBTC,Aave v3 Ethereum,Ethereum,USDC,0.365,Lend USDT on aave-v3,Ethereum,USDT,-1.245,-1.445,-80.45,0.002,4.672,3.132,3.3,-1.614,1.72,5,0,42.61
BTC,BTC,OKX margin,OKX,WETH,0.35,Stake WETH -> WEETH (ether.fi-stake),Ethereum,WETH,0.052,-1.454,3.39,0.0,1.876,2.454,87.4,-0.579,2.102,1,0,9.0
BTC,BTC,OKX margin,OKX,WETH,0.35,Stake WETH -> WSTETH (lido),Ethereum,WETH,0.05,-1.456,3.23,0.0,1.876,2.444,94.8,-0.582,2.102,1,0,9.0
BTC,WBTC,Aave v3 Ethereum,Ethereum,CBBTC,0.584,OKX Simple Earn,OKX,BTC,-0.428,-1.462,-27.8,0.006,0.288,0.528,50.7,-0.158,1.332,0,0,39.17
BTC,CBBTC,Aave v3 Ethereum,Ethereum,CBBTC,0.584,OKX Simple Earn,OKX,BTC,-0.432,-1.466,-28.03,0.002,0.288,0.528,50.7,-0.161,1.332,0,0,39.17
BTC,CBBTC,Morpho CBBTC/USDC 86.0% (Base),Base,USDC,0.43,Kamino (Solana),Solana,USDC,-1.168,-1.468,-75.26,0.0,5.358,3.932,14.8,-2.176,1.609,5,0,27.43
BTC,WBTC,Morpho WBTC/USDT 86.0% (Ethereum),Ethereum,USDT,0.43,Lend USDE on aave-v3,Ethereum,USDE,-1.27,-1.47,-82.05,0.0,3.733,2.347,9.9,-1.862,1.602,5,0,42.93
BTC,BTC,OKX margin,OKX,WETH,0.35,Stake WETH -> CBETH (coinbase-wrapped-staked-eth),Ethereum,WETH,0.085,-1.477,5.5,0.0,1.876,2.546,96.2,-0.488,2.102,1,0,9.0
BTC,BTC,OKX margin,OKX,USDT,0.35,Stake USDS -> SUSDS (sky-lending),Ethereum,USDS,0.05,-1.479,3.25,0.0,2.879,3.876,98.1,-0.497,1.945,5,0,21.73
BTC,BTC,OKX margin,OKX,WETH,0.35,Stake WETH -> LSETH (liquid-collective),Ethereum,WETH,0.081,-1.48,5.28,0.0,1.876,2.531,85.8,-0.455,2.102,1,0,9.0
BTC,WBTC,Aave v3 Ethereum,Ethereum,USDT,0.365,Lend USDS on sparklend,Ethereum,USDS,-1.282,-1.482,-82.85,0.006,4.357,2.7,0.5,-1.731,1.721,5,0,42.61
BTC,BTC,OKX margin,OKX,USDT,0.35,Stake USDE -> SUSDE (ethena-usde),Ethereum,USDE,0.174,-1.483,11.3,0.0,2.879,4.238,99.2,-0.401,1.945,5,0,21.73
BTC,CBBTC,Aave v3 Ethereum,Ethereum,USDT,0.365,Lend USDS on sparklend,Ethereum,USDS,-1.286,-1.486,-83.08,0.002,4.357,2.7,0.5,-1.734,1.721,5,0,42.61
BTC,CBBTC,Morpho CBBTC/USDC 86.0% (Ethereum),Ethereum,USDC,0.43,Lend USDS on sparklend,Ethereum,USDS,-1.293,-1.493,-83.56,0.0,4.188,2.7,0.8,-1.689,1.601,5,0,42.93
BTC,CBBTC,Aave v3 Base,Base,USDC,0.365,fluid-lending USDC vault,Ethereum,USDC,-0.871,-1.493,-56.35,0.033,4.996,4.631,35.6,-1.704,1.721,5,0,44.88
BTC,WBTC,Aave v3 Ethereum,Ethereum,WBTC,0.584,OKX Simple Earn,OKX,BTC,-0.461,-1.496,-29.94,0.006,0.343,0.528,50.7,-0.21,1.331,0,0,39.17
BTC,BTC,OKX margin,OKX,USDT,0.35,fluid-lending USDC vault,Ethereum,USDC,0.301,-1.498,19.58,0.0,2.879,4.631,94.0,-0.614,1.945,5,0,21.74
BTC,CBBTC,Aave v3 Ethereum,Ethereum,WBTC,0.584,OKX Simple Earn,OKX,BTC,-0.465,-1.499,-30.17,0.002,0.343,0.528,50.7,-0.216,1.331,0,0,39.17
BTC,CBBTC,Aave v3 Base,Base,USDC,0.365,Stake USDS -> SUSDS (sky-lending),Ethereum,USDS,-1.159,-1.5,-74.9,0.033,4.996,3.876,4.4,-2.098,1.721,5,0,46.66
BTC,CBBTC,Aave v3 Base,Base,USDC,0.365,Stake USDE -> SUSDE (ethena-usde),Ethereum,USDE,-1.03,-1.504,-66.61,0.033,4.996,4.238,15.9,-2.054,1.721,5,0,46.67
BTC,WBTC,Morpho WBTC/USDC 86.0% (Ethereum),Ethereum,USDC,0.43,Lend USDS on sparklend,Ethereum,USDS,-1.309,-1.509,-84.59,0.0,4.221,2.7,0.8,-1.718,1.601,5,0,42.93
BTC,BTC,OKX margin,OKX,USDC,0.35,fluid-lending USDC vault,Ethereum,USDC,0.287,-1.512,18.68,0.0,2.982,4.631,94.2,-0.616,1.945,5,0,20.0
BTC,BTC,OKX margin,OKX,USDC,0.35,Stake USDS -> SUSDS (sky-lending),Ethereum,USDS,0.01,-1.52,0.63,0.0,2.982,3.876,94.5,-0.571,1.945,5,0,21.73
BTC,WBTC,Aave v3 Ethereum,Ethereum,USDT,0.365,Kamino (Solana),Solana,USDT,-1.286,-1.523,-83.01,0.006,4.357,2.85,19.7,-2.053,1.721,5,0,42.93
BTC,WBTC,Aave v3 Arbitrum,Arbitrum,USDC,0.365,Lend USDS on sparklend,Ethereum,USDS,-1.198,-1.524,-77.42,0.037,4.058,2.7,0.8,-1.905,1.71,5,0,46.65
BTC,BTC,OKX margin,OKX,USDC,0.35,Stake USDE -> SUSDE (ethena-usde),Ethereum,USDE,0.133,-1.524,8.67,0.0,2.982,4.238,95.6,-0.431,1.945,5,0,21.73
BTC,WBTC,Aave v3 Arbitrum,Arbitrum,USDC,0.365,OKX Simple Earn,OKX,USDC,-1.089,-1.526,-70.28,0.037,4.058,2.063,3.6,-1.71,1.71,5,0,22.38
BTC,CBBTC,Aave v3 Ethereum,Ethereum,USDT,0.365,Kamino (Solana),Solana,USDT,-1.29,-1.527,-83.24,0.002,4.357,2.85,19.7,-2.055,1.721,5,0,42.93
BTC,BTC,OKX margin,OKX,WETH,0.35,Stake WETH -> OSETH (stakewise-v3),Ethereum,WETH,0.024,-1.538,1.57,0.0,1.876,2.378,88.8,-0.54,2.102,1,0,9.0
BTC,BTC,OKX margin,OKX,WETH,0.35,Stake WETH -> ETHX (stader),Ethereum,WETH,0.051,-1.538,3.31,0.0,1.876,2.456,96.7,-0.548,2.102,1,0,9.0
BTC,BTC,OKX margin,OKX,WETH,0.35,Stake WETH -> RSETH (kelp),Ethereum,WETH,0.062,-1.545,4.0,0.0,1.876,2.5,82.2,-0.507,2.102,1,0,9.0
BTC,BTC,OKX margin,OKX,WETH,0.35,Stake WETH -> RETH (rocket-pool),Ethereum,WETH,-0.022,-1.556,-1.43,0.0,1.876,2.235,72.6,-0.624,2.102,1,0,9.0
BTC,CBBTC,Morpho CBBTC/USDC 86.0% (Ethereum),Ethereum,USDC,0.43,Kamino (Solana),Solana,USDT,-1.326,-1.57,-85.64,0.0,4.188,2.85,9.3,-2.005,1.601,5,0,45.48
BTC,BTC,OKX margin,OKX,USDT,0.35,fluid-lending USDT vault,Ethereum,USDT,0.216,-1.583,14.07,0.0,2.879,4.334,91.5,-0.746,1.945,5,0,20.0
BTC,WBTC,Morpho WBTC/USDC 86.0% (Ethereum),Ethereum,USDC,0.43,Kamino (Solana),Solana,USDT,-1.342,-1.586,-86.67,0.0,4.221,2.85,9.3,-2.012,1.601,5,0,45.48
BTC,WBTC,Aave v3 Ethereum,Ethereum,USDC,0.365,Lend USDS on sparklend,Ethereum,USDS,-1.39,-1.59,-89.77,0.006,4.672,2.7,0.3,-1.838,1.72,5,0,42.61
BTC,CBBTC,Aave v3 Ethereum,Ethereum,USDC,0.365,Lend USDS on sparklend,Ethereum,USDS,-1.394,-1.594,-90.0,0.002,4.672,2.7,0.3,-1.84,1.72,5,0,42.61
BTC,WBTC,Aave v3 Arbitrum,Arbitrum,USDC,0.365,Gate Uni lending,Gate,USDC,-0.98,-1.6,-63.27,0.037,4.058,2.395,2.7,-1.665,1.71,5,0,22.38
BTC,BTC,OKX margin,OKX,USDT,0.35,Kamino (Solana),Solana,USDT,-0.052,-1.607,-3.37,0.0,2.879,2.85,50.7,-1.047,1.945,5,0,2.12
BTC,WBTC,Aave v3 Arbitrum,Arbitrum,USDC,0.365,OKX Simple Earn,OKX,USDT,-1.192,-1.629,-76.89,0.037,4.058,1.87,1.4,-1.545,1.71,5,0,24.16
BTC,CBBTC,Aave v3 Base,Base,USDC,0.365,Lend USDC on aave-v3,Ethereum,USDC,-1.309,-1.635,-84.5,0.033,4.996,3.435,3.8,-2.243,1.721,5,0,44.87
BTC,BTC,OKX margin,OKX,USDT,0.35,Lend USDC on aave-v3,Ethereum,USDC,-0.119,-1.636,-7.7,0.0,2.879,3.435,67.1,-0.936,1.945,5,0,21.73
BTC,CBBTC,Aave v3 Base,Base,USDC,0.365,fluid-lending USDT vault,Ethereum,USDT,-1.015,-1.637,-65.63,0.033,4.996,4.334,26.3,-2.197,1.721,5,0,46.67
BTC,BTC,OKX margin,OKX,WETH,0.35,Stake WETH -> METH (meth-protocol),Ethereum,WETH,-0.077,-1.639,-4.98,0.0,1.876,2.073,63.0,-0.669,2.102,1,0,9.0
BTC,BTC,OKX margin,OKX,USDC,0.35,Lend USDC on aave-v3,Ethereum,USDC,-0.132,-1.65,-8.59,0.0,2.982,3.435,62.2,-0.937,1.945,5,0,20.0
BTC,BTC,OKX margin,OKX,USDC,0.35,fluid-lending USDT vault,Ethereum,USDT,0.149,-1.651,9.71,0.0,2.982,4.334,88.5,-0.764,1.945,5,0,21.73
BTC,BTC,OKX margin,OKX,SOL,0.35,Kamino (Solana),Solana,JITOSOL,-0.017,-1.656,-1.09,0.0,5.472,5.623,91.8,-0.971,2.029,3,0,3.3
BTC,WBTC,Aave v3 Ethereum,Ethereum,USDC,0.365,Kamino (Solana),Solana,USDT,-1.422,-1.659,-91.74,0.006,4.672,2.85,7.9,-2.144,1.72,5,0,44.72
BTC,WBTC,Aave v3 Ethereum,Ethereum,USDT,0.365,Lend USDE on aave-v3,Ethereum,USDE,-1.462,-1.662,-94.28,0.006,4.357,2.347,4.4,-2.17,1.721,5,0,42.61
BTC,CBBTC,Aave v3 Ethereum,Ethereum,USDC,0.365,Kamino (Solana),Solana,USDT,-1.426,-1.662,-91.97,0.002,4.672,2.85,7.9,-2.146,1.72,5,0,44.72
BTC,CBBTC,Aave v3 Ethereum,Ethereum,USDT,0.365,Lend USDE on aave-v3,Ethereum,USDE,-1.465,-1.665,-94.51,0.002,4.357,2.347,4.4,-2.173,1.721,5,0,42.61
BTC,WBTC,Morpho WBTC/USDT 86.0% (Ethereum),Ethereum,USDT,0.43,OKX Simple Earn,OKX,USDC,-1.34,-1.67,-86.57,0.0,3.733,2.063,12.9,-1.879,1.602,5,0,40.43
BTC,CBBTC,Aave v3 Base,Base,USDC,0.365,Kamino (Solana),Solana,USDT,-1.311,-1.674,-84.44,0.033,4.996,2.85,7.9,-2.014,1.721,5,0,28.76
BTC,BTC,OKX margin,OKX,USDC,0.35,Kamino (Solana),Solana,USDT,-0.119,-1.674,-7.69,0.0,2.982,2.85,46.6,-1.062,1.945,5,0,3.84
BTC,WBTC,Aave v3 Arbitrum,Arbitrum,USDC,0.365,Lend USDE on aave-v3,Ethereum,USDE,-1.373,-1.7,-88.64,0.037,4.058,2.347,6.3,-2.34,1.71,5,0,46.65
BTC,CBBTC,Morpho CBBTC/USDC 86.0% (Ethereum),Ethereum,USDC,0.43,Lend USDE on aave-v3,Ethereum,USDE,-1.5,-1.7,-96.77,0.0,4.188,2.347,5.5,-1.931,1.601,5,0,42.93
BTC,BTC,OKX margin,OKX,USDT,0.35,Lend USDT on aave-v3,Ethereum,USDT,-0.191,-1.709,-12.4,0.0,2.879,3.132,47.7,-1.094,1.945,5,0,20.0
BTC,WBTC,Morpho WBTC/USDC 86.0% (Ethereum),Ethereum,USDC,0.43,Lend USDE on aave-v3,Ethereum,USDE,-1.516,-1.716,-97.8,0.0,4.221,2.347,5.2,-1.936,1.601,5,0,42.93
BTC,CBBTC,Morpho CBBTC/USDC 86.0% (Base),Base,USDC,0.43,fluid-lending USDC vault,Ethereum,USDC,-1.115,-1.72,-72.02,0.0,5.358,4.631,26.0,-2.365,1.609,5,0,45.32
BTC,CBBTC,Aave v3 Base,Base,CBBTC,0.584,OKX Simple Earn,OKX,BTC,-0.607,-1.726,-39.37,0.033,0.825,0.528,28.8,-0.429,1.325,0,0,31.93
BTC,WBTC,Morpho WBTC/USDT 86.0% (Ethereum),Ethereum,USDT,0.43,OKX Simple Earn,OKX,USDT,-1.397,-1.727,-90.16,0.0,3.733,1.87,6.0,-2.345,1.602,5,0,38.33
BTC,WBTC,Aave v3 Arbitrum,Arbitrum,WBTC,0.584,OKX Simple Earn,OKX,BTC,-0.609,-1.727,-39.48,0.037,0.86,0.528,44.7,-0.545,1.325,0,0,31.93
BTC,CBBTC,Morpho CBBTC/USDC 86.0% (Base),Base,USDC,0.43,Stake USDS -> SUSDS (sky-lending),Ethereum,USDS,-1.454,-1.728,-93.82,0.0,5.358,3.876,0.0,-2.712,1.609,5,0,47.42
BTC,CBBTC,Morpho CBBTC/USDC 86.0% (Base),Base,USDC,0.43,Stake USDE -> SUSDE (ethena-usde),Ethereum,USDE,-1.303,-1.733,-84.09,0.0,5.358,4.238,8.8,-2.57,1.609,5,0,47.42
BTC,BTC,OKX margin,OKX,WETH,0.35,Lend WETH on aave-v3,Ethereum,WETH,-0.213,-1.734,-13.78,0.0,1.876,1.705,29.0,-0.695,2.102,1,0,9.0
BTC,BTC,OKX margin,OKX,SOL,0.35,Kamino (Solana),Solana,SOL,-0.185,-1.744,-11.94,0.0,5.472,5.122,47.1,-1.373,2.029,3,0,0.37
BTC,WBTC,Morpho WBTC/USDT 86.0% (Ethereum),Ethereum,USDT,0.43,Gate Uni lending,Gate,USDC,-1.211,-1.758,-78.26,0.0,3.733,2.395,12.6,-2.124,1.602,5,0,40.43
BTC,CBBTC,Aave v3 Base,Base,USDC,0.365,Lend USDT on aave-v3,Ethereum,USDT,-1.44,-1.767,-92.92,0.033,4.996,3.132,4.1,-2.265,1.721,5,0,46.65
BTC,WBTC,Aave v3 Ethereum,Ethereum,USDC,0.365,Lend USDE on aave-v3,Ethereum,USDE,-1.57,-1.77,-101.2,0.006,4.672,2.347,3.3,-2.269,1.72,5,0,42.61
BTC,CBBTC,Aave v3 Ethereum,Ethereum,USDC,0.365,Lend USDE on aave-v3,Ethereum,USDE,-1.573,-1.773,-101.43,0.002,4.672,2.347,3.3,-2.271,1.72,5,0,42.61
BTC,BTC,OKX margin,OKX,USDC,0.35,Lend USDT on aave-v3,Ethereum,USDT,-0.258,-1.776,-16.74,0.0,2.982,3.132,44.1,-1.107,1.945,5,0,21.73
BTC,BTC,OKX margin,OKX,WETH,0.35,Lend WETH on sparklend,Ethereum,WETH,-0.263,-1.785,-17.04,0.0,1.876,1.568,31.8,-0.809,2.102,1,0,9.0
BTC,WBTC,Aave v3 Ethereum,Ethereum,USDT,0.365,OKX Simple Earn,OKX,USDC,-1.515,-1.825,-97.66,0.006,4.357,2.063,4.4,-2.147,1.721,5,0,40.11
BTC,CBBTC,Aave v3 Ethereum,Ethereum,USDT,0.365,OKX Simple Earn,OKX,USDC,-1.518,-1.829,-97.89,0.002,4.357,2.063,4.4,-2.15,1.721,5,0,40.11
BTC,BTC,OKX margin,OKX,WETH,0.35,Gate Uni lending,Gate,WETH,-0.039,-1.838,-2.52,0.0,1.876,2.02,75.1,-0.385,2.102,1,0,4.5
BTC,CBBTC,Morpho CBBTC/USDC 86.0% (Ethereum),Ethereum,USDC,0.43,OKX Simple Earn,OKX,USDC,-1.538,-1.867,-99.15,0.0,4.188,2.063,1.9,-1.589,1.601,5,0,38.33
BTC,WBTC,Aave v3 Ethereum,Ethereum,USDT,0.365,OKX Simple Earn,OKX,USDT,-1.562,-1.872,-100.67,0.006,4.357,1.87,0.5,-1.985,1.721,5,0,38.33
BTC,CBBTC,Aave v3 Ethereum,Ethereum,USDT,0.365,OKX Simple Earn,OKX,USDT,-1.566,-1.876,-100.9,0.002,4.357,1.87,0.5,-1.988,1.721,5,0,38.33
BTC,BTC,OKX margin,OKX,USDT,0.35,Lend USDS on sparklend,Ethereum,USDS,-0.361,-1.879,-23.43,0.0,2.879,2.7,27.1,-0.909,1.945,5,0,21.72
BTC,WBTC,Morpho WBTC/USDC 86.0% (Ethereum),Ethereum,USDC,0.43,OKX Simple Earn,OKX,USDC,-1.554,-1.883,-100.18,0.0,4.221,2.063,1.6,-1.601,1.601,5,0,38.33
BTC,CBBTC,Morpho CBBTC/USDC 86.0% (Base),Base,USDC,0.43,Lend USDC on aave-v3,Ethereum,USDC,-1.632,-1.888,-105.11,0.0,5.358,3.435,3.3,-2.835,1.609,5,0,45.31
BTC,CBBTC,Morpho CBBTC/USDC 86.0% (Base),Base,USDC,0.43,fluid-lending USDT vault,Ethereum,USDT,-1.285,-1.89,-82.94,0.0,5.358,4.334,17.0,-2.746,1.609,5,0,47.42
BTC,BTC,OKX margin,OKX,WETH,0.35,Bitfinex funding,Bitfinex,WETH,-0.182,-1.895,-11.82,0.0,1.876,1.378,14.0,-0.928,2.102,1,0,4.5
BTC,WBTC,Aave v3 Ethereum,Ethereum,USDT,0.365,Gate Uni lending,Gate,USDC,-1.402,-1.897,-90.46,0.006,4.357,2.395,3.6,-2.146,1.721,5,0,40.11
BTC,CBBTC,Aave v3 Ethereum,Ethereum,USDT,0.365,Gate Uni lending,Gate,USDC,-1.406,-1.9,-90.69,0.002,4.357,2.395,3.6,-2.148,1.721,5,0,40.11
BTC,WBTC,Aave v3 Ethereum,Ethereum,USDC,0.365,OKX Simple Earn,OKX,USDC,-1.595,-1.905,-102.8,0.006,4.672,2.063,1.9,-2.005,1.72,5,0,38.33
BTC,CBBTC,Aave v3 Ethereum,Ethereum,USDC,0.365,OKX Simple Earn,OKX,USDC,-1.599,-1.909,-103.03,0.002,4.672,2.063,1.9,-2.009,1.72,5,0,38.33
BTC,WBTC,Aave v3 Arbitrum,Arbitrum,USDC,0.365,Gate Uni lending,Gate,USDT,-1.289,-1.909,-83.13,0.037,4.058,1.57,0.5,-1.676,1.71,5,0,24.16
BTC,CBBTC,Aave v3 Base,Base,USDC,0.365,Lend USDS on sparklend,Ethereum,USDS,-1.588,-1.915,-102.43,0.033,4.996,2.7,0.3,-2.444,1.721,5,0,46.64
BTC,CBBTC,Aave v3 Base,Base,USDC,0.365,OKX Simple Earn,OKX,USDC,-1.483,-1.919,-95.43,0.033,4.996,2.063,1.6,-2.027,1.721,5,0,22.38
BTC,BTC,OKX margin,OKX,USDC,0.35,Lend USDS on sparklend,Ethereum,USDS,-0.402,-1.92,-26.03,0.0,2.982,2.7,27.7,-1.032,1.945,5,0,21.72
BTC,BTC,OKX margin,OKX,USDT,0.35,OKX Simple Earn,OKX,USDC,-0.308,-1.935,-19.92,0.0,2.879,2.063,10.7,-0.673,1.945,5,0,1.72
BTC,WBTC,Aave v3 Ethereum,Ethereum,CBBTC,0.584,Bitfinex funding,Bitfinex,BTC,-0.762,-1.941,-49.33,0.006,0.288,0.003,0.0,-0.207,1.332,0,0,39.15
BTC,CBBTC,Aave v3 Ethereum,Ethereum,CBBTC,0.584,Bitfinex funding,Bitfinex,BTC,-0.765,-1.944,-49.55,0.002,0.288,0.003,0.0,-0.21,1.332,0,0,39.15
BTC,CBBTC,Morpho CBBTC/USDC 86.0% (Ethereum),Ethereum,USDC,0.43,Gate Uni lending,Gate,USDC,-1.408,-1.955,-90.88,0.0,4.188,2.395,3.0,-1.833,1.601,5,0,38.33
BTC,WBTC,Morpho WBTC/USDC 86.0% (Ethereum),Ethereum,USDC,0.43,Gate Uni lending,Gate,USDC,-1.424,-1.971,-91.91,0.0,4.221,2.395,3.0,-1.849,1.601,5,0,38.33
BTC,WBTC,Aave v3 Ethereum,Ethereum,WBTC,0.584,Bitfinex funding,Bitfinex,BTC,-0.795,-1.974,-51.47,0.006,0.343,0.003,0.0,-0.234,1.331,0,0,39.15
BTC,WBTC,Aave v3 Ethereum,Ethereum,USDC,0.365,Gate Uni lending,Gate,USDC,-1.483,-1.977,-95.6,0.006,4.672,2.395,3.0,-2.047,1.72,5,0,38.33
BTC,CBBTC,Aave v3 Ethereum,Ethereum,WBTC,0.584,Bitfinex funding,Bitfinex,BTC,-0.798,-1.977,-51.7,0.002,0.343,0.003,0.0,-0.238,1.331,0,0,39.15
BTC,WBTC,Aave v3 Ethereum,Ethereum,CBBTC,0.584,Gate Uni lending,Gate,BTC,-0.655,-1.98,-42.42,0.006,0.288,0.173,21.6,-0.164,1.332,0,0,39.16
BTC,CBBTC,Aave v3 Ethereum,Ethereum,USDC,0.365,Gate Uni lending,Gate,USDC,-1.486,-1.98,-95.82,0.002,4.672,2.395,3.0,-2.05,1.72,5,0,38.33
BTC,CBBTC,Morpho CBBTC/USDC 86.0% (Base),Base,USDC,0.43,Kamino (Solana),Solana,USDT,-1.683,-1.983,-108.22,0.0,5.358,2.85,6.0,-2.739,1.609,5,0,29.52
BTC,CBBTC,Aave v3 Ethereum,Ethereum,CBBTC,0.584,Gate Uni lending,Gate,BTC,-0.658,-1.984,-42.65,0.002,0.288,0.173,21.6,-0.166,1.332,0,0,39.16
BTC,CBBTC,Morpho CBBTC/USDC 86.0% (Ethereum),Ethereum,USDC,0.43,OKX Simple Earn,OKX,USDT,-1.659,-1.989,-106.94,0.0,4.188,1.87,0.0,-1.922,1.601,5,0,40.43
BTC,CBBTC,Aave v3 Base,Base,USDC,0.365,Gate Uni lending,Gate,USDC,-1.37,-1.991,-88.25,0.033,4.996,2.395,2.2,-1.89,1.721,5,0,22.38
BTC,WBTC,Morpho WBTC/USDC 86.0% (Ethereum),Ethereum,USDC,0.43,OKX Simple Earn,OKX,USDT,-1.675,-2.005,-107.97,0.0,4.221,1.87,0.0,-1.951,1.601,5,0,40.43
BTC,WBTC,Aave v3 Ethereum,Ethereum,USDC,0.365,OKX Simple Earn,OKX,USDT,-1.698,-2.008,-109.36,0.006,4.672,1.87,0.5,-2.058,1.72,5,0,40.1
BTC,CBBTC,Aave v3 Ethereum,Ethereum,USDC,0.365,OKX Simple Earn,OKX,USDT,-1.701,-2.012,-109.59,0.002,4.672,1.87,0.5,-2.06,1.72,5,0,40.1
BTC,WBTC,Aave v3 Ethereum,Ethereum,WBTC,0.584,Gate Uni lending,Gate,BTC,-0.688,-2.013,-44.56,0.006,0.343,0.173,12.9,-0.169,1.331,0,0,39.16
BTC,CBBTC,Aave v3 Ethereum,Ethereum,WBTC,0.584,Gate Uni lending,Gate,BTC,-0.691,-2.017,-44.79,0.002,0.343,0.173,12.9,-0.174,1.331,0,0,39.16
BTC,CBBTC,Aave v3 Base,Base,USDC,0.365,OKX Simple Earn,OKX,USDT,-1.585,-2.022,-101.98,0.033,4.996,1.87,0.5,-2.234,1.721,5,0,24.15
BTC,WBTC,Morpho WBTC/USDT 86.0% (Ethereum),Ethereum,USDT,0.43,Stake DAI -> SDAI (sky-lending),Ethereum,DAI,-1.743,-2.03,-112.37,0.0,3.733,1.263,0.0,-2.592,1.602,5,0,42.92
BTC,CBBTC,Morpho CBBTC/USDC 86.0% (Base),Base,USDC,0.43,Lend USDT on aave-v3,Ethereum,USDT,-1.786,-2.043,-115.02,0.0,5.358,3.132,3.8,-2.954,1.609,5,0,47.4
BTC,BTC,OKX margin,OKX,USDC,0.35,OKX Simple Earn,OKX,USDT,-0.42,-2.048,-27.16,0.0,2.982,1.87,1.9,-0.711,1.945,5,0,1.72
BTC,BTC,OKX margin,OKX,USDT,0.35,Lend USDE on aave-v3,Ethereum,USDE,-0.528,-2.049,-34.22,0.0,2.879,2.347,33.7,-1.49,1.945,5,0,21.72
BTC,WBTC,Morpho WBTC/USDT 86.0% (Ethereum),Ethereum,USDT,0.43,Gate Uni lending,Gate,USDT,-1.512,-2.058,-97.56,0.0,3.733,1.57,1.6,-2.315,1.602,5,0,38.33
BTC,BTC,OKX margin,OKX,USDC,0.35,Lend USDE on aave-v3,Ethereum,USDE,-0.569,-2.089,-36.81,0.0,2.982,2.347,29.3,-1.499,1.945,5,0,21.72
BTC,CBBTC,Aave v3 Base,Base,USDC,0.365,Lend USDE on aave-v3,Ethereum,USDE,-1.768,-2.095,-113.84,0.033,4.996,2.347,5.2,-2.867,1.721,5,0,46.64
BTC,BTC,OKX margin,OKX,USDT,0.35,Gate Uni lending,Gate,USDC,-0.311,-2.114,-20.13,0.0,2.879,2.395,13.4,-0.732,1.945,5,0,8.72
BTC,BTC,OKX margin,OKX,USDC,0.35,Gate Uni lending,Gate,USDC,-0.325,-2.128,-21.01,0.0,2.982,2.395,12.1,-0.743,1.945,5,0,7.0
BTC,WBTC,Aave v3 Ethereum,Ethereum,USDT,0.365,Stake DAI -> SDAI (sky-lending),Ethereum,DAI,-1.862,-2.135,-119.86,0.006,4.357,1.263,0.0,-2.567,1.721,5,0,42.6
BTC,CBBTC,Aave v3 Ethereum,Ethereum,USDT,0.365,Stake DAI -> SDAI (sky-lending),Ethereum,DAI,-1.866,-2.139,-120.09,0.002,4.357,1.263,0.0,-2.569,1.721,5,0,42.6
BTC,WBTC,Aave v3 Ethereum,Ethereum,USDT,0.365,Gate Uni lending,Gate,USDT,-1.66,-2.154,-106.96,0.006,4.357,1.57,0.5,-2.138,1.721,5,0,38.33
BTC,CBBTC,Aave v3 Ethereum,Ethereum,USDT,0.365,Gate Uni lending,Gate,USDT,-1.664,-2.158,-107.19,0.002,4.357,1.57,0.5,-2.141,1.721,5,0,38.33
BTC,WBTC,Aave v3 Arbitrum,Arbitrum,USDC,0.365,Stake DAI -> SDAI (sky-lending),Ethereum,DAI,-1.774,-2.174,-114.26,0.037,4.058,1.263,0.0,-2.77,1.71,5,0,46.63
BTC,CBBTC,Aave v3 Base,Base,CBBTC,0.584,Bitfinex funding,Bitfinex,BTC,-0.941,-2.205,-60.89,0.033,0.825,0.003,0.0,-0.613,1.325,0,0,31.91
BTC,WBTC,Aave v3 Arbitrum,Arbitrum,WBTC,0.584,Bitfinex funding,Bitfinex,BTC,-0.943,-2.206,-61.01,0.037,0.86,0.003,0.0,-0.557,1.325,0,0,31.91
BTC,CBBTC,Morpho CBBTC/USDC 86.0% (Base),Base,USDC,0.43,Lend USDS on sparklend,Ethereum,USDS,-1.961,-2.217,-126.19,0.0,5.358,2.7,0.3,-3.219,1.609,5,0,47.4
BTC,WBTC,Aave v3 Ethereum,Ethereum,USDC,0.365,Stake DAI -> SDAI (sky-lending),Ethereum,DAI,-1.97,-2.243,-126.76,0.006,4.672,1.263,0.0,-2.666,1.72,5,0,42.6
BTC,CBBTC,Aave v3 Base,Base,CBBTC,0.584,Gate Uni lending,Gate,BTC,-0.834,-2.244,-53.99,0.033,0.825,0.173,0.0,-0.445,1.325,0,0,31.91
BTC,WBTC,Aave v3 Arbitrum,Arbitrum,WBTC,0.584,Gate Uni lending,Gate,BTC,-0.836,-2.246,-54.11,0.037,0.86,0.173,3.8,-0.521,1.325,0,0,31.91
BTC,CBBTC,Aave v3 Ethereum,Ethereum,USDC,0.365,Stake DAI -> SDAI (sky-lending),Ethereum,DAI,-1.974,-2.247,-126.98,0.002,4.672,1.263,0.0,-2.668,1.72,5,0,42.6
BTC,CBBTC,Morpho CBBTC/USDC 86.0% (Ethereum),Ethereum,USDC,0.43,Stake DAI -> SDAI (sky-lending),Ethereum,DAI,-1.973,-2.259,-127.0,0.0,4.188,1.263,0.0,-2.443,1.601,5,0,42.92
BTC,BTC,OKX margin,OKX,SOL,0.35,Gate Uni lending,Gate,SOL,-0.473,-2.27,-30.59,0.0,5.472,4.268,4.7,-1.608,2.029,3,0,0.5
BTC,WBTC,Morpho WBTC/USDC 86.0% (Ethereum),Ethereum,USDC,0.43,Stake DAI -> SDAI (sky-lending),Ethereum,DAI,-1.989,-2.275,-128.02,0.0,4.221,1.263,0.0,-2.463,1.601,5,0,42.92
BTC,CBBTC,Morpho CBBTC/USDC 86.0% (Base),Base,USDC,0.43,OKX Simple Earn,OKX,USDC,-1.892,-2.279,-121.49,0.0,5.358,2.063,0.5,-2.552,1.609,5,0,22.38
BTC,WBTC,Aave v3 Ethereum,Ethereum,USDC,0.365,Gate Uni lending,Gate,USDT,-1.796,-2.289,-115.65,0.006,4.672,1.57,0.5,-2.147,1.72,5,0,40.1
BTC,CBBTC,Aave v3 Ethereum,Ethereum,USDC,0.365,Gate Uni lending,Gate,USDT,-1.799,-2.293,-115.87,0.002,4.672,1.57,0.5,-2.149,1.72,5,0,40.1
BTC,CBBTC,Aave v3 Base,Base,USDC,0.365,Gate Uni lending,Gate,USDT,-1.683,-2.303,-108.23,0.033,4.996,1.57,0.5,-2.093,1.721,5,0,24.15
BTC,CBBTC,Morpho CBBTC/USDC 86.0% (Ethereum),Ethereum,USDC,0.43,Gate Uni lending,Gate,USDT,-1.774,-2.32,-114.31,0.0,4.188,1.57,0.0,-1.957,1.601,5,0,40.42
BTC,WBTC,Morpho WBTC/USDC 86.0% (Ethereum),Ethereum,USDC,0.43,Gate Uni lending,Gate,USDT,-1.79,-2.336,-115.33,0.0,4.221,1.57,0.0,-1.984,1.601,5,0,40.42
BTC,BTC,OKX margin,OKX,SOL,0.35,Bitfinex funding,Bitfinex,SOL,-0.636,-2.348,-41.11,0.0,5.472,3.605,4.1,-2.063,2.029,3,0,0.5
BTC,BTC,OKX margin,OKX,USDT,0.35,Gate Uni lending,Gate,USDT,-0.555,-2.359,-35.91,0.0,2.879,1.57,4.1,-1.086,1.945,5,0,7.0
BTC,CBBTC,Morpho CBBTC/USDC 86.0% (Base),Base,USDC,0.43,Gate Uni lending,Gate,USDC,-1.76,-2.362,-113.05,0.0,5.358,2.395,1.9,-2.625,1.609,5,0,22.38
BTC,CBBTC,Morpho CBBTC/USDC 86.0% (Base),Base,USDC,0.43,OKX Simple Earn,OKX,USDT,-2.013,-2.4,-129.19,0.0,5.358,1.87,0.0,-2.796,1.609,5,0,24.46
BTC,BTC,OKX margin,OKX,USDC,0.35,Gate Uni lending,Gate,USDT,-0.622,-2.426,-40.21,0.0,2.982,1.57,4.1,-1.1,1.945,5,0,8.71
BTC,CBBTC,Morpho CBBTC/USDC 86.0% (Base),Base,USDC,0.43,Lend USDE on aave-v3,Ethereum,USDE,-2.173,-2.43,-139.62,0.0,5.358,2.347,4.1,-3.72,1.609,5,0,47.39
BTC,BTC,OKX margin,OKX,USDT,0.35,Stake DAI -> SDAI (sky-lending),Ethereum,DAI,-0.913,-2.506,-58.97,0.0,2.879,1.263,4.1,-1.691,1.945,5,0,21.71
BTC,BTC,OKX margin,OKX,USDC,0.35,Stake DAI -> SDAI (sky-lending),Ethereum,DAI,-0.953,-2.547,-61.55,0.0,2.982,1.263,4.1,-1.805,1.945,5,0,21.71
BTC,CBBTC,Aave v3 Base,Base,USDC,0.365,Stake DAI -> SDAI (sky-lending),Ethereum,DAI,-2.168,-2.568,-139.3,0.033,4.996,1.263,0.0,-3.374,1.721,5,0,46.62
BTC,CBBTC,Morpho CBBTC/USDC 86.0% (Base),Base,USDC,0.43,Gate Uni lending,Gate,USDT,-2.129,-2.731,-136.54,0.0,5.358,1.57,0.0,-2.777,1.609,5,0,24.46
BTC,CBBTC,Morpho CBBTC/USDC 86.0% (Base),Base,USDC,0.43,Stake DAI -> SDAI (sky-lending),Ethereum,DAI,-2.646,-2.989,-169.56,0.0,5.358,1.263,0.0,-4.196,1.609,5,0,47.37
SOL,,,,,0,Kamino (Solana),Solana,JITOSOL,5.517,4.977,271.5,0.0,0.0,5.623,100.0,4.826,,0,0,7.81
SOL,,,,,0,Kamino (Solana),Solana,SOL,4.982,4.682,244.05,0.0,0.0,5.122,100.0,3.691,,0,0,0.02
SOL,,,,,0,OKX Simple Earn,OKX,SOL,5.031,4.531,247.39,0.0,0.0,4.716,100.0,1.387,,0,0,0.0
SOL,,,,,0,Gate Uni lending,Gate,SOL,4.21,3.21,205.9,0.0,0.0,4.268,100.0,2.252,,0,0,0.0
SOL,,,,,0,Bitfinex funding,Bitfinex,SOL,3.811,3.061,186.31,0.0,0.0,3.605,100.0,0.944,,0,0,0.0
SOL,,,,,0,hold,,,0.0,0.0,0.0,0.0,0.0,0.0,100.0,0.0,,0,0,0.0
SOL,JITOSOL,Kamino (Solana),Solana,USDT,0.315,Bitfinex funding,Bitfinex,USDT,5.314,4.634,261.45,5.623,5.139,4.979,43.6,4.642,1.552,9,0,14.96
SOL,JITOSOL,Kamino (Solana),Solana,USDC,0.315,Bitfinex funding,Bitfinex,USDT,5.229,4.549,257.41,5.623,5.604,4.979,35.6,3.79,1.552,9,0,16.42
SOL,JITOSOL,Kamino (Solana),Solana,USDT,0.315,Bitfinex funding,Bitfinex,USD,5.213,4.533,256.45,5.623,5.139,4.982,46.0,4.612,1.552,9,0,19.82
SOL,JITOSOL,Kamino (Solana),Solana,USDT,0.315,Kamino (Solana),Solana,USDC,5.036,4.495,247.03,5.623,5.139,3.932,14.2,4.552,1.552,9,0,9.48
SOL,JITOSOL,Kamino (Solana),Solana,USDC,0.315,Bitfinex funding,Bitfinex,USD,5.157,4.477,253.88,5.623,5.604,4.982,36.4,3.86,1.552,9,0,19.82
SOL,JITOSOL,Kamino (Solana),Solana,USDT,0.315,morpho-blue GTUSDCP vault,Base,USDC,5.097,4.402,250.84,5.623,5.139,4.747,39.2,3.995,1.552,9,0,23.67
SOL,JITOSOL,Kamino (Solana),Solana,SOL,0.403,Kamino (Solana),Solana,JITOSOL,5.026,4.388,247.02,5.623,6.854,5.623,31.0,3.1,1.274,0,0,10.99
SOL,JITOSOL,Kamino (Solana),Solana,USDC,0.315,morpho-blue GTUSDCP vault,Base,USDC,5.071,4.376,249.72,5.623,5.604,4.747,35.1,3.771,1.552,9,0,22.21
SOL,JITOSOL,Kamino (Solana),Solana,USDT,0.315,morpho-blue SPARKUSDC vault,Base,USDC,5.033,4.337,247.6,5.623,5.139,4.515,36.4,3.867,1.552,9,0,23.66
SOL,JITOSOL,Kamino (Solana),Solana,USDC,0.315,morpho-blue SPARKUSDC vault,Base,USDC,5.007,4.311,246.48,5.623,5.604,4.515,34.0,3.642,1.552,9,0,22.21
SOL,SOL,Kamino (Solana),Solana,USDT,0.37,Bitfinex funding,Bitfinex,USDT,4.768,4.304,233.5,5.122,5.139,4.979,43.6,2.956,1.518,9,0,7.17
SOL,JITOSOL,Kamino (Solana),Solana,USDT,0.315,morpho-blue STEAKUSDC vault,Base,USDC,4.969,4.211,244.42,5.623,5.139,4.259,35.9,3.679,1.552,9,0,23.66
SOL,JITOSOL,Kamino (Solana),Solana,SOL,0.403,OKX Simple Earn,OKX,SOL,4.827,4.206,237.2,5.623,6.854,4.716,13.7,2.462,1.274,0,0,7.94
SOL,SOL,Kamino (Solana),Solana,USDC,0.37,Bitfinex funding,Bitfinex,USDT,4.669,4.205,228.81,5.122,5.604,4.979,35.6,3.283,1.519,9,0,8.88
SOL,JITOSOL,Kamino (Solana),Solana,USDC,0.315,morpho-blue STEAKUSDC vault,Base,USDC,4.943,4.185,243.3,5.623,5.604,4.259,34.0,3.452,1.552,9,0,22.2
SOL,SOL,Kamino (Solana),Solana,USDT,0.37,Bitfinex funding,Bitfinex,USD,4.649,4.185,227.65,5.122,5.139,4.982,46.0,3.39,1.518,9,0,12.87
SOL,JITOSOL,Kamino (Solana),Solana,USDT,0.315,Stake USDC -> SYRUPUSDC (maple),Ethereum,USDC,4.719,4.179,232.41,5.623,5.139,5.251,48.5,2.771,1.552,9,0,49.77
SOL,JITOSOL,Kamino (Solana),Solana,USDC,0.315,Stake USDC -> SYRUPUSDC (maple),Ethereum,USDC,4.694,4.154,231.31,5.623,5.604,5.251,46.0,2.37,1.552,9,0,48.31
SOL,SOL,Kamino (Solana),Solana,USDC,0.37,Bitfinex funding,Bitfinex,USD,4.585,4.12,224.68,5.122,5.604,4.982,36.4,3.605,1.519,9,0,12.87
SOL,SOL,Kamino (Solana),Solana,USDT,0.37,Kamino (Solana),Solana,USDC,4.415,4.115,215.42,5.122,5.139,3.932,14.2,2.803,1.518,9,0,1.94
SOL,JITOSOL,Kamino (Solana),Solana,USDC,0.315,Kamino (Solana),Solana,USDT,4.639,4.098,227.26,5.623,5.604,2.85,3.8,3.78,1.552,9,0,9.47
SOL,SOL,Kamino (Solana),Solana,USDT,0.37,morpho-blue GTUSDCP vault,Base,USDC,4.53,4.048,221.93,5.122,5.139,4.747,39.2,3.61,1.518,9,0,16.54
SOL,JITOSOL,Kamino (Solana),Solana,USDT,0.315,Stake USDT -> SYRUPUSDT (maple),Ethereum,USDT,4.595,4.024,226.1,5.623,5.139,4.751,36.4,2.541,1.552,9,0,48.31
SOL,SOL,Kamino (Solana),Solana,USDC,0.37,morpho-blue GTUSDCP vault,Base,USDC,4.501,4.018,220.67,5.122,5.604,4.747,35.1,3.825,1.519,9,0,14.83
SOL,SOL,Kamino (Solana),Solana,USDT,0.37,morpho-blue SPARKUSDC vault,Base,USDC,4.454,3.972,218.15,5.122,5.139,4.515,36.4,3.619,1.518,9,0,16.54
SOL,SOL,Kamino (Solana),Solana,USDC,0.37,morpho-blue SPARKUSDC vault,Base,USDC,4.425,3.943,216.88,5.122,5.604,4.515,34.0,3.738,1.519,9,0,14.83
SOL,JITOSOL,Kamino (Solana),Solana,USDC,0.315,Stake USDT -> SYRUPUSDT (maple),Ethereum,USDT,4.51,3.939,222.06,5.623,5.604,4.751,38.1,2.145,1.552,9,0,49.76
SOL,SOL,Kamino (Solana),Solana,USDT,0.37,Stake USDC -> SYRUPUSDC (maple),Ethereum,USDC,4.177,3.877,204.81,5.122,5.139,5.251,48.5,2.336,1.518,9,0,42.65
SOL,SOL,Kamino (Solana),Solana,USDC,0.37,Stake USDC -> SYRUPUSDC (maple),Ethereum,USDC,4.149,3.849,203.57,5.122,5.604,5.251,46.0,2.456,1.519,9,0,40.93
SOL,SOL,Kamino (Solana),Solana,USDT,0.37,morpho-blue STEAKUSDC vault,Base,USDC,4.379,3.824,214.44,5.122,5.139,4.259,35.9,3.576,1.518,9,0,16.54
SOL,SOL,Kamino (Solana),Solana,USDC,0.37,morpho-blue STEAKUSDC vault,Base,USDC,4.35,3.794,213.17,5.122,5.604,4.259,34.0,3.526,1.519,9,0,14.83
SOL,JITOSOL,Kamino (Solana),Solana,USDT,0.315,OKX Simple Earn,OKX,USDC,4.351,3.748,212.82,5.623,5.139,2.063,2.2,3.99,1.552,9,0,16.4
SOL,JITOSOL,Kamino (Solana),Solana,USDC,0.315,OKX Simple Earn,OKX,USDC,4.323,3.72,211.59,5.623,5.604,2.063,0.8,3.369,1.552,9,0,14.96
SOL,JITOSOL,Kamino (Solana),Solana,USDT,0.315,Stake USDS -> SUSDS (sky-lending),Ethereum,USDS,4.238,3.716,208.08,5.623,5.139,3.876,23.8,2.37,1.552,9,0,49.76
SOL,JITOSOL,Kamino (Solana),Solana,USDT,0.315,OKX Simple Earn,OKX,USDT,4.319,3.716,211.16,5.623,5.139,1.87,0.0,3.835,1.552,9,0,14.96
SOL,JITOSOL,Kamino (Solana),Solana,USDT,0.315,Stake USDE -> SUSDE (ethena-usde),Ethereum,USDE,4.346,3.712,213.42,5.623,5.139,4.238,27.9,2.461,1.552,9,0,49.76
SOL,SOL,Kamino (Solana),Solana,USDT,0.37,Stake USDT -> SYRUPUSDT (maple),Ethereum,USDT,4.031,3.694,197.42,5.122,5.139,4.751,36.4,2.222,1.518,9,0,40.93
SOL,JITOSOL,Kamino (Solana),Solana,USDT,0.315,Gate Uni lending,Gate,USDC,4.448,3.692,217.67,5.623,5.139,2.395,3.6,3.774,1.552,9,0,16.4
SOL,JITOSOL,Kamino (Solana),Solana,USDT,0.315,fluid-lending USDC vault,Ethereum,USDC,4.444,3.687,218.35,5.623,5.139,4.631,35.6,3.02,1.552,9,0,49.76
SOL,JITOSOL,Kamino (Solana),Solana,SOL,0.403,Gate Uni lending,Gate,SOL,4.497,3.674,220.47,5.623,6.854,4.268,4.4,2.514,1.274,0,0,7.94
SOL,JITOSOL,Kamino (Solana),Solana,USDC,0.315,Gate Uni lending,Gate,USDC,4.42,3.664,216.45,5.623,5.604,2.395,1.9,3.183,1.552,9,0,14.96
SOL,JITOSOL,Kamino (Solana),Solana,USDC,0.315,fluid-lending USDC vault,Ethereum,USDC,4.418,3.661,217.22,5.623,5.604,4.631,16.4,2.631,1.552,9,0,48.3
SOL,JITOSOL,Kamino (Solana),Solana,USDC,0.315,Stake USDS -> SUSDS (sky-lending),Ethereum,USDS,4.183,3.661,205.47,5.623,5.604,3.876,12.3,1.971,1.552,9,0,49.75
SOL,JITOSOL,Kamino (Solana),Solana,USDC,0.315,Stake USDE -> SUSDE (ethena-usde),Ethereum,USDE,4.29,3.657,210.83,5.623,5.604,4.238,21.4,2.062,1.552,9,0,49.76
SOL,SOL,Kamino (Solana),Solana,USDC,0.37,Kamino (Solana),Solana,USDT,3.947,3.647,192.31,5.122,5.604,2.85,3.8,2.668,1.519,9,0,1.94
SOL,JITOSOL,Kamino (Solana),Solana,USDC,0.315,OKX Simple Earn,OKX,USDT,4.232,3.629,207.03,5.623,5.604,1.87,0.0,3.177,1.552,9,0,16.4
SOL,JITOSOL,Kamino (Solana),Solana,USDT,0.315,fluid-lending USDT vault,Ethereum,USDT,4.38,3.623,215.06,5.623,5.139,4.334,28.5,2.866,1.552,9,0,48.31
SOL,JITOSOL,Kamino (Solana),Solana,SOL,0.403,Bitfinex funding,Bitfinex,SOL,4.336,3.614,212.57,5.623,6.854,3.605,3.6,1.859,1.274,0,0,7.94
SOL,SOL,Kamino (Solana),Solana,USDC,0.37,Stake USDT -> SYRUPUSDT (maple),Ethereum,USDT,3.932,3.596,192.74,5.122,5.604,4.751,38.1,2.184,1.519,9,0,42.64
SOL,JITOSOL,Kamino (Solana),Solana,USDT,0.315,Lend USDC on aave-v3,Ethereum,USDC,4.09,3.58,200.57,5.623,5.139,3.435,8.2,2.25,1.552,9,0,49.75
SOL,JITOSOL,Kamino (Solana),Solana,USDC,0.315,Lend USDC on aave-v3,Ethereum,USDC,4.064,3.554,199.4,5.623,5.604,3.435,3.3,1.851,1.552,9,0,48.3
SOL,JITOSOL,Kamino (Solana),Solana,USDC,0.315,fluid-lending USDT vault,Ethereum,USDT,4.294,3.537,211.01,5.623,5.604,4.334,12.1,2.463,1.552,9,0,49.76
SOL,JITOSOL,Kamino (Solana),Solana,USDT,0.315,Lend USDT on aave-v3,Ethereum,USDT,4.04,3.53,198.05,5.623,5.139,3.132,4.1,1.994,1.552,9,0,48.3
SOL,JITOSOL,Kamino (Solana),Solana,USDT,0.315,Gate Uni lending,Gate,USDT,4.248,3.492,207.63,5.623,5.139,1.57,0.0,3.846,1.552,9,0,14.96
SOL,JITOSOL,Kamino (Solana),Solana,USDC,0.315,Lend USDT on aave-v3,Ethereum,USDT,3.955,3.444,193.97,5.623,5.604,3.132,4.4,1.592,1.552,9,0,49.75
SOL,JITOSOL,Kamino (Solana),Solana,USDC,0.315,Gate Uni lending,Gate,USDT,4.161,3.405,203.5,5.623,5.604,1.57,0.0,3.138,1.552,9,0,16.4
SOL,JITOSOL,Kamino (Solana),Solana,USDT,0.315,Lend USDS on sparklend,Ethereum,USDS,3.893,3.382,190.76,5.623,5.139,2.7,8.5,1.937,1.552,9,0,49.75
SOL,SOL,Kamino (Solana),Solana,USDT,0.37,Stake USDS -> SUSDS (sky-lending),Ethereum,USDS,3.609,3.331,176.31,5.122,5.139,3.876,23.8,1.531,1.518,9,0,42.63
SOL,SOL,Kamino (Solana),Solana,USDT,0.37,Stake USDE -> SUSDE (ethena-usde),Ethereum,USDE,3.736,3.327,182.56,5.122,5.139,4.238,27.9,1.558,1.518,9,0,42.63
SOL,JITOSOL,Kamino (Solana),Solana,USDC,0.315,Lend USDS on sparklend,Ethereum,USDS,3.837,3.326,188.12,5.623,5.604,2.7,0.3,1.534,1.552,9,0,49.74
SOL,SOL,Kamino (Solana),Solana,USDT,0.37,fluid-lending USDC vault,Ethereum,USDC,3.851,3.297,188.31,5.122,5.139,4.631,35.6,1.919,1.518,9,0,42.64
SOL,SOL,Kamino (Solana),Solana,USDC,0.37,fluid-lending USDC vault,Ethereum,USDC,3.823,3.267,187.03,5.122,5.604,4.631,16.4,2.259,1.519,9,0,40.93
SOL,SOL,Kamino (Solana),Solana,USDC,0.37,Stake USDS -> SUSDS (sky-lending),Ethereum,USDS,3.545,3.267,173.3,5.122,5.604,3.876,12.3,1.981,1.519,9,0,42.63
SOL,SOL,Kamino (Solana),Solana,USDC,0.37,Stake USDE -> SUSDE (ethena-usde),Ethereum,USDE,3.672,3.263,179.57,5.122,5.604,4.238,21.4,2.089,1.519,9,0,42.63
SOL,SOL,Kamino (Solana),Solana,USDT,0.37,OKX Simple Earn,OKX,USDC,3.631,3.258,176.58,5.122,5.139,2.063,2.2,2.225,1.518,9,0,8.86
SOL,SOL,Kamino (Solana),Solana,USDC,0.37,OKX Simple Earn,OKX,USDC,3.599,3.227,175.18,5.122,5.604,2.063,0.8,2.56,1.519,9,0,7.17
SOL,SOL,Kamino (Solana),Solana,USDT,0.37,fluid-lending USDT vault,Ethereum,USDT,3.775,3.221,184.46,5.122,5.139,4.334,28.5,1.435,1.518,9,0,40.93
SOL,SOL,Kamino (Solana),Solana,USDT,0.37,OKX Simple Earn,OKX,USDT,3.593,3.221,174.63,5.122,5.139,1.87,0.0,2.159,1.518,9,0,7.17
SOL,JITOSOL,Kamino (Solana),Solana,USDT,0.315,Lend USDE on aave-v3,Ethereum,USDE,3.716,3.205,181.84,5.623,5.139,2.347,4.1,2.116,1.552,9,0,49.74
SOL,SOL,Kamino (Solana),Solana,USDT,0.37,Gate Uni lending,Gate,USDC,3.745,3.192,182.24,5.122,5.139,2.395,3.6,2.428,1.518,9,0,8.87
SOL,SOL,Kamino (Solana),Solana,USDT,0.37,Lend USDC on aave-v3,Ethereum,USDC,3.434,3.17,167.52,5.122,5.139,3.435,8.2,1.384,1.518,9,0,42.62
SOL,SOL,Kamino (Solana),Solana,USDC,0.37,Gate Uni lending,Gate,USDC,3.714,3.161,180.86,5.122,5.604,2.395,1.9,2.616,1.519,9,0,7.17
SOL,JITOSOL,Kamino (Solana),Solana,USDC,0.315,Lend USDE on aave-v3,Ethereum,USDE,3.66,3.149,179.19,5.623,5.604,2.347,3.8,1.715,1.552,9,0,49.74
SOL,SOL,Kamino (Solana),Solana,USDC,0.37,Lend USDC on aave-v3,Ethereum,USDC,3.404,3.141,166.2,5.122,5.604,3.435,3.3,1.839,1.519,9,0,40.92
SOL,SOL,Kamino (Solana),Solana,USDC,0.37,fluid-lending USDT vault,Ethereum,USDT,3.676,3.121,179.76,5.122,5.604,4.334,12.1,2.002,1.519,9,0,42.63
SOL,SOL,Kamino (Solana),Solana,USDC,0.37,OKX Simple Earn,OKX,USDT,3.491,3.119,169.84,5.122,5.604,1.87,0.0,2.615,1.519,9,0,8.86
SOL,SOL,Kamino (Solana),Solana,USDT,0.37,Lend USDT on aave-v3,Ethereum,USDT,3.375,3.111,164.58,5.122,5.139,3.132,4.1,1.375,1.518,9,0,40.92
SOL,SOL,Kamino (Solana),Solana,USDC,0.37,Lend USDT on aave-v3,Ethereum,USDT,3.276,3.012,159.84,5.122,5.604,3.132,4.4,1.536,1.519,9,0,42.62
SOL,SOL,Kamino (Solana),Solana,USDT,0.37,Gate Uni lending,Gate,USDT,3.509,2.957,170.52,5.122,5.139,1.57,0.0,2.163,1.518,9,0,7.17
SOL,SOL,Kamino (Solana),Solana,USDT,0.37,Lend USDS on sparklend,Ethereum,USDS,3.202,2.938,156.05,5.122,5.139,2.7,8.5,1.279,1.518,9,0,42.62
SOL,SOL,Kamino (Solana),Solana,USDC,0.37,Lend USDS on sparklend,Ethereum,USDS,3.137,2.873,153.01,5.122,5.604,2.7,0.3,1.468,1.519,9,0,42.61
SOL,SOL,Kamino (Solana),Solana,USDC,0.37,Gate Uni lending,Gate,USDT,3.407,2.855,165.72,5.122,5.604,1.57,0.0,2.503,1.519,9,0,8.86
SOL,JITOSOL,Kamino (Solana),Solana,USDT,0.315,Stake DAI -> SDAI (sky-lending),Ethereum,DAI,3.404,2.832,166.26,5.623,5.139,1.263,0.0,1.648,1.552,9,0,49.73
SOL,JITOSOL,Kamino (Solana),Solana,USDC,0.315,Stake DAI -> SDAI (sky-lending),Ethereum,DAI,3.347,2.775,163.57,5.623,5.604,1.263,0.0,1.24,1.552,9,0,49.73
SOL,SOL,Kamino (Solana),Solana,USDT,0.37,Lend USDE on aave-v3,Ethereum,USDE,2.992,2.728,145.58,5.122,5.139,2.347,4.1,0.819,1.518,9,0,42.61
SOL,SOL,Kamino (Solana),Solana,USDC,0.37,Lend USDE on aave-v3,Ethereum,USDE,2.927,2.663,142.52,5.122,5.604,2.347,3.8,1.28,1.519,9,0,42.61
SOL,SOL,Kamino (Solana),Solana,USDT,0.37,Stake DAI -> SDAI (sky-lending),Ethereum,DAI,2.623,2.287,127.35,5.122,5.139,1.263,0.0,0.299,1.518,9,0,42.6
SOL,SOL,Kamino (Solana),Solana,USDC,0.37,Stake DAI -> SDAI (sky-lending),Ethereum,DAI,2.557,2.221,124.25,5.122,5.604,1.263,0.0,0.872,1.519,9,0,42.6
SOL,SOL,OKX margin,OKX,USDT,0.35,morpho-blue GTUSDCP vault,Base,USDC,0.639,0.034,30.82,0.0,2.879,4.747,98.1,-0.229,1.809,9,0,6.5
SOL,SOL,OKX margin,OKX,USDC,0.35,morpho-blue GTUSDCP vault,Base,USDC,0.631,0.026,30.44,0.0,2.982,4.747,95.9,-0.225,1.809,9,0,4.9
SOL,SOL,OKX margin,OKX,USDT,0.35,Bitfinex funding,Bitfinex,USDT,0.588,0.0,28.33,0.0,2.879,4.979,85.5,-0.0,1.809,9,0,11.0
SOL,SOL,OKX margin,OKX,USDT,0.35,morpho-blue SPARKUSDC vault,Base,USDC,0.566,-0.04,27.27,0.0,2.879,4.515,97.3,-0.376,1.809,9,0,6.5
SOL,SOL,OKX margin,OKX,USDC,0.35,morpho-blue SPARKUSDC vault,Base,USDC,0.558,-0.047,26.89,0.0,2.982,4.515,93.4,-0.372,1.809,9,0,4.9
SOL,SOL,OKX margin,OKX,USDC,0.35,Bitfinex funding,Bitfinex,USDT,0.513,-0.074,24.74,0.0,2.982,4.979,83.8,-0.099,1.809,9,0,12.6
SOL,SOL,OKX margin,OKX,USDT,0.35,Bitfinex funding,Bitfinex,USD,0.474,-0.114,22.85,0.0,2.879,4.982,94.2,-0.138,1.809,9,0,16.34
SOL,SOL,OKX margin,OKX,USDC,0.35,Bitfinex funding,Bitfinex,USD,0.433,-0.155,20.86,0.0,2.982,4.982,91.8,-0.322,1.809,9,0,16.34
SOL,SOL,OKX margin,OKX,USDT,0.35,Stake USDC -> SYRUPUSDC (maple),Ethereum,USDC,0.273,-0.156,13.19,0.0,2.879,5.251,100.0,-1.278,1.809,9,0,32.61
SOL,SOL,OKX margin,OKX,USDC,0.35,Stake USDC -> SYRUPUSDC (maple),Ethereum,USDC,0.265,-0.164,12.81,0.0,2.982,5.251,98.6,-1.424,1.809,9,0,31.0
SOL,SOL,OKX margin,OKX,USDT,0.35,morpho-blue STEAKUSDC vault,Base,USDC,0.494,-0.182,23.8,0.0,2.879,4.259,86.3,-0.593,1.809,9,0,6.5
SOL,SOL,OKX margin,OKX,USDC,0.35,morpho-blue STEAKUSDC vault,Base,USDC,0.486,-0.189,23.43,0.0,2.982,4.259,83.0,-0.589,1.809,9,0,4.9
SOL,SOL,OKX margin,OKX,USDT,0.35,Kamino (Solana),Solana,USDC,0.24,-0.191,11.52,0.0,2.879,3.932,73.7,-0.302,1.809,9,0,5.78
SOL,SOL,OKX margin,OKX,USDC,0.35,Kamino (Solana),Solana,USDC,0.232,-0.199,11.14,0.0,2.982,3.932,71.0,-0.305,1.809,9,0,4.18
SOL,SOL,OKX margin,OKX,USDT,0.35,Stake USDT -> SYRUPUSDT (maple),Ethereum,USDT,0.128,-0.336,6.19,0.0,2.879,4.751,100.0,-1.493,1.809,9,0,31.0
SOL,SOL,OKX margin,OKX,WETH,0.35,Stake WETH -> WBETH (binance-staked-eth),Ethereum,WETH,0.003,-0.376,0.16,0.0,1.876,2.509,96.7,-0.567,2.06,1,0,9.0
SOL,SOL,OKX margin,OKX,WETH,0.35,Stake WETH -> WEETH (ether.fi-stake),Ethereum,WETH,-0.014,-0.394,-0.7,0.0,1.876,2.454,87.4,-0.61,2.06,1,0,9.0
SOL,SOL,OKX margin,OKX,WETH,0.35,Stake WETH -> WSTETH (lido),Ethereum,WETH,-0.016,-0.395,-0.77,0.0,1.876,2.444,94.8,-0.564,2.06,1,0,9.0
SOL,SOL,OKX margin,OKX,USDC,0.35,Stake USDT -> SYRUPUSDT (maple),Ethereum,USDT,0.054,-0.411,2.61,0.0,2.982,4.751,97.0,-1.69,1.809,9,0,32.6
SOL,SOL,OKX margin,OKX,WETH,0.35,Stake WETH -> LSETH (liquid-collective),Ethereum,WETH,0.022,-0.414,1.06,0.0,1.876,2.531,85.8,-0.542,2.06,1,0,9.0
SOL,SOL,OKX margin,OKX,WETH,0.35,Stake WETH -> CBETH (coinbase-wrapped-staked-eth),Ethereum,WETH,0.019,-0.417,0.89,0.0,1.876,2.546,96.2,-0.59,2.06,1,0,9.0
SOL,SOL,OKX margin,OKX,WETH,0.35,Stake WETH -> OSETH (stakewise-v3),Ethereum,WETH,-0.044,-0.48,-2.11,0.0,1.876,2.378,88.8,-0.525,2.06,1,0,9.0
SOL,SOL,OKX margin,OKX,WETH,0.35,Stake WETH -> ETHX (stader),Ethereum,WETH,-0.022,-0.486,-1.03,0.0,1.876,2.456,96.7,-0.625,2.06,1,0,9.0
SOL,SOL,OKX margin,OKX,WETH,0.35,Stake WETH -> RSETH (kelp),Ethereum,WETH,-0.009,-0.491,-0.44,0.0,1.876,2.5,82.2,-0.551,2.06,1,0,9.0
SOL,SOL,OKX margin,OKX,WETH,0.35,Stake WETH -> RETH (rocket-pool),Ethereum,WETH,-0.089,-0.497,-4.28,0.0,1.876,2.235,72.6,-0.67,2.06,1,0,9.0
SOL,SOL,OKX margin,OKX,USDT,0.35,Kamino (Solana),Solana,USDT,-0.121,-0.552,-5.8,0.0,2.879,2.85,50.7,-1.133,1.809,9,0,4.18
SOL,SOL,OKX margin,OKX,WETH,0.35,Stake WETH -> METH (meth-protocol),Ethereum,WETH,-0.14,-0.577,-6.74,0.0,1.876,2.073,63.0,-0.678,2.06,1,0,9.0
SOL,SOL,OKX margin,OKX,USDC,0.35,Kamino (Solana),Solana,USDT,-0.195,-0.626,-9.35,0.0,2.982,2.85,46.6,-1.15,1.809,9,0,5.77
SOL,SOL,OKX margin,OKX,USDT,0.35,Stake USDS -> SUSDS (sky-lending),Ethereum,USDS,-0.285,-0.695,-13.72,0.0,2.879,3.876,98.1,-1.707,1.809,9,0,32.6
SOL,SOL,OKX margin,OKX,WETH,0.35,Lend WETH on aave-v3,Ethereum,WETH,-0.304,-0.697,-14.55,0.0,1.876,1.705,29.0,-1.105,2.06,1,0,9.0
SOL,SOL,OKX margin,OKX,USDT,0.35,Stake USDE -> SUSDE (ethena-usde),Ethereum,USDE,-0.163,-0.698,-7.86,0.0,2.879,4.238,99.2,-1.671,1.809,9,0,32.6
SOL,SOL,OKX margin,OKX,USDT,0.35,fluid-lending USDC vault,Ethereum,USDC,-0.051,-0.725,-2.43,0.0,2.879,4.631,94.0,-1.862,1.809,9,0,32.6
SOL,SOL,OKX margin,OKX,USDC,0.35,fluid-lending USDC vault,Ethereum,USDC,-0.059,-0.733,-2.82,0.0,2.982,4.631,94.2,-1.864,1.809,9,0,31.0
SOL,SOL,OKX margin,OKX,USDC,0.35,Stake USDS -> SUSDS (sky-lending),Ethereum,USDS,-0.326,-0.736,-15.7,0.0,2.982,3.876,94.5,-1.903,1.809,9,0,32.6
SOL,SOL,OKX margin,OKX,WETH,0.35,Bitfinex funding,Bitfinex,WETH,-0.15,-0.738,-7.17,0.0,1.876,1.378,14.0,-0.757,2.06,1,0,4.5
SOL,SOL,OKX margin,OKX,USDC,0.35,Stake USDE -> SUSDE (ethena-usde),Ethereum,USDE,-0.205,-0.74,-9.84,0.0,2.982,4.238,95.6,-1.796,1.809,9,0,32.6
SOL,SOL,OKX margin,OKX,WETH,0.35,Lend WETH on sparklend,Ethereum,WETH,-0.348,-0.742,-16.68,0.0,1.876,1.568,31.8,-1.017,2.06,1,0,9.0
SOL,SOL,OKX margin,OKX,WETH,0.35,Gate Uni lending,Gate,WETH,-0.099,-0.776,-4.73,0.0,1.876,2.02,75.1,-0.572,2.06,1,0,4.5
SOL,SOL,OKX margin,OKX,USDT,0.35,OKX Simple Earn,OKX,USDC,-0.3,-0.8,-14.39,0.0,2.879,2.063,10.7,-0.717,1.809,9,0,1.59
SOL,SOL,OKX margin,OKX,USDT,0.35,fluid-lending USDT vault,Ethereum,USDT,-0.127,-0.801,-6.09,0.0,2.879,4.334,91.5,-1.946,1.809,9,0,31.0
SOL,SOL,OKX margin,OKX,USDT,0.35,Lend USDC on aave-v3,Ethereum,USDC,-0.459,-0.855,-22.05,0.0,2.879,3.435,67.1,-2.166,1.809,9,0,32.59
SOL,SOL,OKX margin,OKX,USDC,0.35,Lend USDC on aave-v3,Ethereum,USDC,-0.467,-0.863,-22.42,0.0,2.982,3.435,62.2,-2.167,1.809,9,0,31.0
SOL,SOL,OKX margin,OKX,USDC,0.35,fluid-lending USDT vault,Ethereum,USDT,-0.201,-0.875,-9.67,0.0,2.982,4.334,88.5,-1.954,1.809,9,0,32.6
SOL,SOL,OKX margin,OKX,USDT,0.35,Lend USDT on aave-v3,Ethereum,USDT,-0.518,-0.913,-24.85,0.0,2.879,3.132,47.7,-2.305,1.809,9,0,31.0
SOL,SOL,OKX margin,OKX,USDC,0.35,OKX Simple Earn,OKX,USDT,-0.414,-0.914,-19.79,0.0,2.982,1.87,1.9,-0.725,1.809,9,0,1.59
SOL,SOL,OKX margin,OKX,USDC,0.35,Lend USDT on aave-v3,Ethereum,USDT,-0.592,-0.988,-28.4,0.0,2.982,3.132,44.1,-2.345,1.809,9,0,32.59
SOL,SOL,OKX margin,OKX,USDT,0.35,Lend USDS on sparklend,Ethereum,USDS,-0.684,-1.08,-32.84,0.0,2.879,2.7,27.1,-2.219,1.809,9,0,32.59
SOL,SOL,OKX margin,OKX,BTC,0.35,Lend CBBTC on aave-v3,Base,CBBTC,-0.617,-1.08,-29.54,0.0,0.788,0.033,0.0,-2.158,1.978,4,0,15.68
SOL,SOL,OKX margin,OKX,BTC,0.35,Lend WBTC on aave-v3,Arbitrum,WBTC,-0.618,-1.082,-29.61,0.0,0.788,0.037,0.0,-2.147,1.978,4,0,15.68
SOL,SOL,OKX margin,OKX,USDT,0.35,Gate Uni lending,Gate,USDC,-0.418,-1.091,-20.03,0.0,2.879,2.395,13.4,-1.06,1.809,9,0,12.59
SOL,SOL,OKX margin,OKX,USDC,0.35,Gate Uni lending,Gate,USDC,-0.426,-1.099,-20.4,0.0,2.982,2.395,12.1,-1.061,1.809,9,0,11.0
SOL,SOL,OKX margin,OKX,USDC,0.35,Lend USDS on sparklend,Ethereum,USDS,-0.725,-1.121,-34.79,0.0,2.982,2.7,27.7,-2.414,1.809,9,0,32.59
SOL,SOL,OKX margin,OKX,USDT,0.35,Lend USDE on aave-v3,Ethereum,USDE,-0.892,-1.288,-42.72,0.0,2.879,2.347,33.7,-2.698,1.809,9,0,32.59
SOL,SOL,OKX margin,OKX,BTC,0.35,Lend CBBTC on sparklend,Ethereum,CBBTC,-0.93,-1.321,-44.53,0.0,0.788,0.01,0.0,-3.845,1.978,4,0,30.18
SOL,SOL,OKX margin,OKX,BTC,0.35,Lend WBTC on aave-v3,Ethereum,WBTC,-0.931,-1.322,-44.58,0.0,0.788,0.006,0.0,-3.843,1.978,4,0,30.18
SOL,SOL,OKX margin,OKX,BTC,0.35,Lend TBTC on aave-v3,Ethereum,TBTC,-0.931,-1.322,-44.59,0.0,0.788,0.004,0.0,-3.845,1.978,4,0,30.18
SOL,SOL,OKX margin,OKX,USDT,0.35,Gate Uni lending,Gate,USDT,-0.65,-1.323,-31.12,0.0,2.879,1.57,4.1,-1.475,1.809,9,0,11.0
SOL,SOL,OKX margin,OKX,BTC,0.35,Lend CBBTC on aave-v3,Ethereum,CBBTC,-0.932,-1.323,-44.64,0.0,0.788,0.002,0.0,-3.845,1.978,4,0,30.18
SOL,SOL,OKX margin,OKX,USDC,0.35,Lend USDE on aave-v3,Ethereum,USDE,-0.933,-1.329,-44.67,0.0,2.982,2.347,29.3,-2.704,1.809,9,0,32.59
SOL,SOL,OKX margin,OKX,USDC,0.35,Gate Uni lending,Gate,USDT,-0.724,-1.397,-34.65,0.0,2.982,1.57,4.1,-1.491,1.809,9,0,12.58
SOL,SOL,OKX margin,OKX,USDT,0.35,Stake DAI -> SDAI (sky-lending),Ethereum,DAI,-1.254,-1.72,-59.96,0.0,2.879,1.263,4.1,-2.62,1.809,9,0,32.58
SOL,SOL,OKX margin,OKX,USDC,0.35,Stake DAI -> SDAI (sky-lending),Ethereum,DAI,-1.295,-1.761,-61.9,0.0,2.982,1.263,4.1,-2.776,1.809,9,0,32.58
SOL,SOL,OKX margin,OKX,BTC,0.35,Bitfinex funding,Bitfinex,BTC,-0.928,-1.928,-44.44,0.0,0.788,0.003,0.0,-4.038,1.978,4,0,30.0
SOL,SOL,OKX margin,OKX,BTC,0.35,Gate Uni lending,Gate,BTC,-0.857,-1.948,-41.05,0.0,0.788,0.173,0.0,-4.014,1.978,4,0,30.0
